name,url,star,comment,avg_price,taste,environment,services,recommend
鲜蒸牛肉特色餐厅(园林北路店),http://www.dianping.com/shop/121937322,准四星商户,9,,7.5,7.5,7.5,"香菜牛筋丸,手切牛肉,葱花饼"
王保长刀叉牛肉,http://www.dianping.com/shop/79207961,四星商户,241,31,8.0,8.0,8.0,"斤牛肉,香菜牛肉丸,鱼丸"
公安县刘一手火锅店,http://www.dianping.com/shop/90545667,三星商户,67,,6.3,6.3,6.3,"鲜虾包心鱼丸,豆芽,包心鱼丸"
若爱猪肚鸡(万达店),http://www.dianping.com/shop/77278594,五星商户,320,52,9.1,9.1,9.1,"榴莲猪肚鸡,肥牛卷,虾饺皇"
吕老三羊杂店(太岳路店),http://www.dianping.com/shop/6096480,准四星商户,172,27,7.2,7.2,7.2,"羊一锅,黄焖羊肉丸子,羊肉炒饭"
魚䲆鱻蒸汽草帽石锅鱼,http://www.dianping.com/shop/33562654,准四星商户,2276,79,7.6,7.6,7.6,"肥鱼,滋补菌王汤锅底,长江鲢鱼"
重庆秦妈火锅(新天地店),http://www.dianping.com/shop/98288207,准四星商户,216,,7.1,7.1,7.1,"牛百叶,精品肥牛卷,红糖糍粑"
野兽花园小郡肝火锅串串,http://www.dianping.com/shop/120057968,准四星商户,55,,7.5,7.5,7.5,"牛肉,毛肚,油条"
小郡肝火锅串串,http://www.dianping.com/shop/113973456,准四星商户,81,,7.3,7.3,7.3,"脆毛肚,香菜牛肉,味碟"
狼爱上羊音乐火锅(豉湖路店),http://www.dianping.com/shop/114524897,准四星商户,23,,7.3,7.3,7.3,"八秒财鱼,毛肚,长江肥鱼火锅"
重庆德庄火锅,http://www.dianping.com/shop/90981463,准四星商户,150,,6.9,6.9,6.9,"手打虾滑,撒尿牛丸,德庄鹅肠"
牛一锅,http://www.dianping.com/shop/103626511,准四星商户,9,,7.3,7.3,7.3,"木耳,豆芽,冻豆腐"
正宗钢管厂五区小郡肝火锅串串,http://www.dianping.com/shop/122501588,准四星商户,3,,7.1,7.1,7.1,"特色小郡肝,新鲜脑花,麻辣牛肉"
火锅记忆,http://www.dianping.com/shop/98157511,准四星商户,164,,7.4,7.4,7.4,"自助酱料,土豆粉,记忆毛肚"
蜀签签串串香,http://www.dianping.com/shop/121459178,四星商户,39,,8.4,8.5,8.5,"牛肉,毛肚,山珍鸳鸯锅"
重庆德庄火锅,http://www.dianping.com/shop/90981463,准四星商户,150,,6.9,6.9,6.9,"手打虾滑,撒尿牛丸,德庄鹅肠"
牛一锅,http://www.dianping.com/shop/103626511,准四星商户,9,,7.3,7.3,7.3,"木耳,豆芽,冻豆腐"
重庆德庄火锅店(石首店),http://www.dianping.com/shop/41508271,四星商户,529,36,8.1,8.1,8.1,"香辣味鸳鸯鱼火锅锅底,精品肥牛卷,青菜"
火锅记忆,http://www.dianping.com/shop/98157511,准四星商户,164,,7.4,7.4,7.4,"自助酱料,土豆粉,记忆毛肚"
蜀签签串串香,http://www.dianping.com/shop/121459178,四星商户,39,,8.4,8.5,8.5,"牛肉,毛肚,山珍鸳鸯锅"
久逢宴遇重庆火锅(万达金街店),http://www.dianping.com/shop/92367890,准四星商户,534,,7.5,7.5,7.5,"手工虾滑,宴遇霸道毛肚,宴遇秘制牛肉"
重庆跳跳蛙,http://www.dianping.com/shop/24641690,准四星商户,1089,,7.5,7.5,7.5,"跳跳蛙,特色酱油炒饭,豆皮"
华军正宗郭场鸡,http://www.dianping.com/shop/17941276,准五星商户,473,17,8.5,8.4,8.5,"郭场鸡火锅,现杀鸡火锅,猪尾火锅"
诚悦重庆老火锅(文化坊店),http://www.dianping.com/shop/113969928,准四星商户,6,,7.4,7.4,7.4,"鱿鱼须,鸭掌,自发鱿鱼"
正宗钢管厂五区小郡肝火锅串串,http://www.dianping.com/shop/113929854,三星商户,82,,6.2,6.2,6.2,"九秒毛肚,鸭肠,特色小郡肝"
趣丸子动漫主题火锅店,http://www.dianping.com/shop/19656201,准四星商户,709,28,7.4,7.5,7.4,"金针菇,麻辣鸳鸯锅,牛肉卷"
炭龙,http://www.dianping.com/shop/122111351,三星商户,10,,6.7,6.7,6.7,"特色铜锅,油碟,五味酸梅汤"
山里来柴火鸡,http://www.dianping.com/shop/57255002,准四星商户,289,21,7.7,7.7,7.7,"柴火鸡锅,鸡肉,土鸡"
正宗钢管厂五区小郡肝串串香(红星路店),http://www.dianping.com/shop/113863923,准四星商户,2,,7.4,7.4,7.4,"味碟,香香辣肉,特色牛肉"
一心,http://www.dianping.com/shop/112303748,四星商户,31,,7.8,7.8,7.8,",,"
潮牛壹号鲜牛肉火锅,http://www.dianping.com/shop/125180002,准四星商户,8,,7.4,7.4,7.4,"手作虾滑,吊龙,鲜肥牛"
蛙哈哈(美佳华店),http://www.dianping.com/shop/110529944,三星商户,71,,6.3,6.3,6.3,"孜然蒜香味干锅牛蛙,香辣味汤锅牛蛙,紫苏干锅牛蛙"
酒香火锅(长江大学文理学院店),http://www.dianping.com/shop/17837240,四星商户,19,49,8.4,8.5,8.5,"撒尿牛肉丸,东北五花肉,脆皮肠"
东南醇牛肉馆,http://www.dianping.com/shop/12071218,准四星商户,32,44,7.2,7.1,7.0,"牛肉火锅,牛三鲜火锅,公安牛肉"
重庆豪渝火锅,http://www.dianping.com/shop/111522717,准四星商户,8,,7.0,7.0,7.0,"重庆椒麻牛肉,豪渝至尊脆毛肚,酸梅汁"
石尚·云南蒸汽石锅鱼(荆州万达店),http://www.dianping.com/shop/32697388,准四星商户,1316,61,7.6,7.6,7.6,"鮰鱼,石锅鱼,原汤锅底"
钢管厂五区小郡肝串串香(石首店),http://www.dianping.com/shop/111528635,准四星商户,4,,7.2,7.2,7.2,"毛肚,麻辣郡肝,香菜牛肉"
李梓杨老火锅(文化坊店),http://www.dianping.com/shop/75115871,四星商户,342,50,8.1,8.0,8.0,"手工炸圆子,香菜丸子,坨坨午餐肉"
鱼的故事,http://www.dianping.com/shop/91002246,准四星商户,15,,7.5,7.5,7.5,"五花肉烧小土豆,锅巴虾,香锅米豆腐"
阳光利亚烤肉火锅自助餐厅,http://www.dianping.com/shop/5284373,四星商户,26034,58,8.2,8.3,8.1,"冰激凌水果蛋糕,炒花甲,羊肉片"
呷宜牛.潮汕牛肉精致火锅(新天地店),http://www.dianping.com/shop/97710003,准四星商户,253,68,7.6,7.6,7.5,"吊龙【8-12秒】,脖仁【8-12秒】,牛肉丸【1分钟】"
马路边边(江汉北路店),http://www.dianping.com/shop/112483495,三星商户,54,,6.7,6.7,6.7,"古倒吃千层,路边嫩牛肉,冒粉"
川妹子火锅,http://www.dianping.com/shop/17176098,准四星商户,185,,7.4,7.4,7.4,"味碟,茼蒿,香菜"
五味缘小郡肝串串,http://www.dianping.com/shop/112630810,准四星商户,42,,7.3,7.3,7.3,"鸳鸯锅底,味碟,橙盘"
野兽花园小郡肝火锅串串,http://www.dianping.com/shop/120057968,准四星商户,55,,7.5,7.5,7.5,"牛肉,毛肚,油条"
串掌门,http://www.dianping.com/shop/102489738,准四星商户,33,,7.7,7.7,7.7,"串串,方便面,海带"
大龍燚火锅(江汉北路店),http://www.dianping.com/shop/69511902,准四星商户,226,81,7.0,7.2,7.0,"大刀鲜毛肚,秘制嫩牛肉,麻辣牛肉"
食全酒美黄牛肉馆,http://www.dianping.com/shop/10461246,准四星商户,528,31,7.4,7.4,7.4,"黄牛肉火锅,牛肉丝,牛三鲜火锅"
东来顺饭庄,http://www.dianping.com/shop/73393304,三星商户,130,17,6.6,6.6,6.5,"烤鸭组合,东来顺秘制羊肉串,东来顺传统羊肉片"
李哥重庆老火锅,http://www.dianping.com/shop/79720023,准四星商户,194,40,7.4,7.4,7.4,"鲜毛肚,鲜鸭肠,红汤锅底"
美食密码木桶滋滋锅,http://www.dianping.com/shop/106353670,四星商户,34,,8.1,8.1,8.1,"木桶鱼,豆油皮,手工麻花"
若爱猪肚鸡(人信汇店),http://www.dianping.com/shop/76859111,四星商户,208,56,7.7,7.6,7.7,"深井烧鹅,胡椒猪肚鸡,虾滑"
御王府三汁焖锅,http://www.dianping.com/shop/22969551,四星商户,1568,63,7.8,7.9,7.7,"金针肥牛卷,鸡翅,红薯片"
汁多宝生态焖锅,http://www.dianping.com/shop/23255004,准四星商户,152,50,7.3,7.3,7.3,"鸡腿肉锅,焖鸡翅尖,土豆片"
张大师鸭爪爪特色火锅(百晟店),http://www.dianping.com/shop/98103406,准四星商户,31,,7.3,7.3,7.3,"土豆,鸭恋虾,腐竹"
李二鲜鱼火锅(公安店),http://www.dianping.com/shop/21358488,准四星商户,2814,30,7.6,7.6,7.6,"酸菜鱼,蛋炒饭,火烧馍"
若爱猪肚鸡(美佳华店),http://www.dianping.com/shop/24317828,四星商户,1065,55,8.0,8.1,8.1,"胡椒猪肚鸡,虾滑,蔬菜拼盘"
龍妹子火锅,http://www.dianping.com/shop/122150328,准四星商户,2,,7.2,7.2,7.2,"精品毛肚,重庆苕粉,精品肥牛卷"
正宗钢管厂五区小郡肝火锅串串,http://www.dianping.com/shop/122501588,准四星商户,3,,7.1,7.1,7.1,"特色小郡肝,新鲜脑花,麻辣牛肉"
京味坊老北京烤鸭(万达店),http://www.dianping.com/shop/23665515,准四星商户,3047,65,7.4,7.4,7.4,"招牌片皮鸭,北京烤鸭,杏鲍菇干锅"
李梓杨老火锅(文化坊店),http://www.dianping.com/shop/75115871,四星商户,342,50,8.1,8.0,8.0,"手工炸圆子,香菜丸子,坨坨午餐肉"
京味坊老北京烤鸭(万达店),http://www.dianping.com/shop/23665515,准四星商户,3047,65,7.4,7.4,7.4,"招牌片皮鸭,北京烤鸭,杏鲍菇干锅"
美食密码木桶滋滋锅,http://www.dianping.com/shop/106353670,四星商户,34,,8.1,8.1,8.1,"木桶鱼,豆油皮,手工麻花"
川西坝子,http://www.dianping.com/shop/114888079,准四星商户,56,,7.4,7.4,7.4,"极品毛肚,嫩滑牛肉,青杠生态木耳"
若爱猪肚鸡(美佳华店),http://www.dianping.com/shop/24317828,四星商户,1065,55,8.0,8.1,8.1,"胡椒猪肚鸡,虾滑,蔬菜拼盘"
幺妹串串火锅,http://www.dianping.com/shop/68934964,准四星商户,19,30,7.2,7.2,7.2,"牛肉,调料味碟,串串"
熊猫牛肉PANDA火锅串串,http://www.dianping.com/shop/123140480,准四星商户,5,,7.1,7.1,7.1,"串串,,"
东南醇牛肉馆(江汉南路店),http://www.dianping.com/shop/109392767,准四星商户,663,52,7.7,7.6,7.6,"特色牛肉火锅,美味捆鸡,牛排炖湘莲"
杨记烧烤●羊蝎子,http://www.dianping.com/shop/57393861,准四星商户,58,32,7.2,7.1,7.2,"羊蝎子火锅,干煸藕丝,烤羊腰"
一号渔港(园林路店),http://www.dianping.com/shop/67849603,准四星商户,195,52,7.3,7.3,7.3,"清江鲢鱼火锅,手撕球包,火烧馍"
享烤享涮,http://www.dianping.com/shop/69697776,准四星商户,102,46,7.4,7.4,7.5,"精品肥牛,骨肉相连,北京方便面"
海港印象海鲜自助火锅(万达店),http://www.dianping.com/shop/19639074,四星商户,10805,73,7.8,8.6,8.3,"三文鱼,蟹腿,虾子"
屋头串串香,http://www.dianping.com/shop/104090896,准四星商户,16,,7.4,7.4,7.4,"傻儿牛肉,麻辣牛肉,十秒郡霸"
来御来三汁闷锅,http://www.dianping.com/shop/14937565,四星商户,2026,46,8.0,8.0,8.1,"羊肉卷,养生素菜锅,酸萝卜"
跳跳蛙,http://www.dianping.com/shop/113057845,四星商户,71,,7.9,7.9,7.9,"跳跳蛙,火焰牛肉,土灶火烧馍"
鱼你相伴九孔喷泉火锅,http://www.dianping.com/shop/102480395,准四星商户,1,,7.1,7.3,7.1,"鮰鱼,金汤锅底,鲜鸭血"
鱼豆吉豆浆鱼火锅(万达店),http://www.dianping.com/shop/19638984,四星商户,4583,86,7.8,8.0,7.8,"龙利鱼,豆浆鱼火锅,虾滑鱼滑"
黄记煌三汁焖锅(万达店),http://www.dianping.com/shop/19639220,准四星商户,4617,74,7.1,7.1,7.1,"焖锅,牛肉牛蛙,红薯"
牛華八婆麻辣烫,http://www.dianping.com/shop/120023168,准四星商户,26,,7.5,7.5,7.5,"串串,舌尖三招牌推荐,吃不腻的串串"
鼎格自助火锅城,http://www.dianping.com/shop/96148615,四星商户,1836,,8.3,8.3,8.3,"毛肚,,"
跳跳蛙,http://www.dianping.com/shop/113057845,四星商户,71,,7.9,7.9,7.9,"跳跳蛙,火焰牛肉,土灶火烧馍"
老北京涮羊肉,http://www.dianping.com/shop/9366877,准四星商户,255,85,7.0,7.0,7.0,"涮羊肉锅底,炸酱面,芝麻酱蘸料"
重庆刘一手火锅(松滋店),http://www.dianping.com/shop/21981312,准四星商户,777,39,7.6,7.6,7.6,"特色刘毛肚,玉米排骨鸳鸯锅,橙汁酸梅汤"
重庆德庄火锅(万达店),http://www.dianping.com/shop/110723550,三星商户,57,,6.6,6.6,6.6,"德庄酱油肉片,柠檬酸梅汁,虾滑"
幺妹串串火锅,http://www.dianping.com/shop/68934964,准四星商户,19,30,7.2,7.2,7.2,"牛肉,调料味碟,串串"
签味王串串香(监利旗舰店),http://www.dianping.com/shop/80182554,四星商户,17,29,7.9,7.9,7.9,"红锅,红汤锅,三鲜锅"
古堰老妈砂锅串串香,http://www.dianping.com/shop/66842293,准四星商户,537,26,7.7,7.7,7.7,"鸳鸯锅底,麻辣牛肉,味碟"
张记木桶鱼,http://www.dianping.com/shop/123769382,准四星商户,4,,7.6,7.6,7.6,"木桶草鱼,特色玉米饼,酱油土豆丝"
口福阁火锅店,http://www.dianping.com/shop/97988712,准四星商户,22,,7.4,7.4,7.4,"手工鲜肉丸子,鸭血,手切鲜牛肉"
味在马路边,http://www.dianping.com/shop/122272321,三星商户,25,,6.8,6.8,6.8,"红糖糍粑,泡椒牛肉,脆骨"
酒香火锅(太岳路分店),http://www.dianping.com/shop/96268004,准五星商户,95,,8.7,8.7,8.7,"火锅小香肠,美味鲜虾滑,秘制小牛肉"
有米时尚餐厅,http://www.dianping.com/shop/92276004,四星商户,368,,8.0,8.0,7.9,"烤草鱼,干锅飘香鸭,红糖粑粑"
灌县老妈砂锅串串(松滋店),http://www.dianping.com/shop/97334812,准四星商户,20,,7.4,7.4,7.4,"冰镇泡虾,特色卤虾,油焖大虾"
波波烧烤炉鱼,http://www.dianping.com/shop/8879503,准四星商户,76,100,7.1,7.1,7.1,"烤馒头,蛋奶粥大份,炕蒸藕"
寻蟹记(万达店),http://www.dianping.com/shop/92366353,三星商户,388,65,6.7,6.8,6.8,"肉蟹煲,香辣牛蛙煲,鲜虾鱿鱼煲"
干锅鹅翅沸腾鱼(农学院店),http://www.dianping.com/shop/58932251,四星商户,453,18,7.8,7.7,7.9,"干锅鹅翅,沸腾鱼火锅,鱼片"
野人部落生态涮烤,http://www.dianping.com/shop/21383197,四星商户,895,42,8.1,8.0,8.1,"五花肉,米酒汤圆,烧烤"
李二鲜鱼村(石首店),http://www.dianping.com/shop/22034018,准四星商户,1629,38,7.6,7.6,7.6,"茼蒿,鲜豆腐,李二豆干"
沙市区渝忆重庆火锅店,http://www.dianping.com/shop/123088560,准四星商户,4,,7.6,7.6,7.6,"精品虾滑,西洋肥牛,嫩牛肉"
小天鹅火锅(美佳华店),http://www.dianping.com/shop/5989794,四星商户,2090,69,8.0,8.3,8.1,"秘制嫩牛肉,招牌蟹籽鲜虾滑,自助酱料"
杨记烧烤●羊蝎子,http://www.dianping.com/shop/57393861,准四星商户,58,32,7.2,7.1,7.2,"羊蝎子火锅,干煸藕丝,烤羊腰"
蜀九香火锅(港隆大厦店),http://www.dianping.com/shop/95359007,准四星商户,756,62,7.6,7.5,7.5,"红糖糍粑,蔬菜拼盘,牛肉拼盘"
屋头串串香,http://www.dianping.com/shop/104090896,准四星商户,16,,7.4,7.4,7.4,"傻儿牛肉,麻辣牛肉,十秒郡霸"
米兰旋转小火锅,http://www.dianping.com/shop/66850180,准四星商户,313,1,7.4,7.4,7.4,"绿豆汤,骨肉相连,蟹排"
鼎锅香鲜菜老火锅,http://www.dianping.com/shop/121938318,准四星商户,5,,7.6,7.6,7.6,"香辣牛肉,鸭肠,屠场鲜毛肚"
蛙来啦美蛙鱼头,http://www.dianping.com/shop/48724600,四星商户,141,15,7.7,7.6,7.7,"美蛙火锅,美蛙鱼头,味碟"
捞味鲜,http://www.dianping.com/shop/21164178,准四星商户,102,30,7.3,7.3,7.3,"撒尿牛丸,精品羊肉卷,猪脑花"
庖丁家牛肆鲜牛锅(万达店),http://www.dianping.com/shop/91875436,准四星商户,640,47,7.4,7.5,7.4,"水煮牛排,肥胼,胸口朥"
大锅台,http://www.dianping.com/shop/72332879,四星商户,215,46,7.7,7.7,7.7,"豆腐,五花肉,排骨"
记忆老灶火锅,http://www.dianping.com/shop/66796974,准四星商户,27,42,7.3,7.3,7.3,"毛肚,嫩牛肉,锅盔"
呷宜牛·潮汕牛肉火锅(人信汇店),http://www.dianping.com/shop/101913709,准四星商户,77,,7.5,7.5,7.5,"手工鲜虾丸,五花腱【6-10秒】,匙柄"
小龙坎老火锅(荆州店),http://www.dianping.com/shop/69778777,准四星商户,1533,92,7.0,7.1,7.0,"霸王牛肉,毛肚,精品千层肚"
月满大江经典成都火锅(绿地海外滩店),http://www.dianping.com/shop/98742556,准四星商户,103,,7.1,7.1,7.1,"红酒嫩牛肉,手工鲜虾滑,大江鲜切牛肉"
嚤嚤香美食餐厅,http://www.dianping.com/shop/16989163,准四星商户,6488,65,7.7,7.7,7.7,"炒花甲,香辣蟹,冰淇淋"
川味香火锅店,http://www.dianping.com/shop/102104012,四星商户,61,,8.3,8.4,8.4,"鸳鸯锅,羊肉,培根"
重庆小辣椒平价火锅(长大店),http://www.dianping.com/shop/6181936,准四星商户,3451,31,7.4,7.4,7.4,"鸳鸯锅底,精品肥羊卷,撒尿牛肉丸"
公安刘锅盔,http://www.dianping.com/shop/106587884,准四星商户,2,,7.7,7.7,7.7,",,"
老字号牛肠火锅,http://www.dianping.com/shop/92787274,准四星商户,1,,7.3,7.3,7.3,"牛肠火锅,,"
冒三鲜教室主题餐厅(老成都冒菜),http://www.dianping.com/shop/90434818,准四星商户,82,,7.8,7.8,7.8,"猪肝,炸豆腐串,水晶包"
大龍燚火锅(新天地店),http://www.dianping.com/shop/102551021,三星商户,30,,6.7,6.7,6.7,"大龍燚自制小郡肝,美味鲜鸭肠,大龍燚千层肚"
天府宴火锅城,http://www.dianping.com/shop/18347670,准四星商户,219,,7.6,7.6,7.6,"极品肥肠火锅,炸鱼皮,鲜鸭血"
三国火锅,http://www.dianping.com/shop/98421300,准四星商户,17,,7.2,7.2,7.2,"酸梅汤,红汤锅底,维他命柠檬茶"
啊咕咔咔川天下,http://www.dianping.com/shop/97697481,准四星商户,138,,7.6,7.6,7.6,"酸梅汁,细粉丝,白菜"
百味轩骨汤小串串,http://www.dianping.com/shop/107331565,准四星商户,1,,7.5,7.5,7.5,",,"
柒渔重庆火锅(恒大店),http://www.dianping.com/shop/111983677,准四星商户,7,,7.6,7.6,7.6,"肥羊卷,胖头鱼,财鱼"
蜀大侠,http://www.dianping.com/shop/104141362,三星商户,131,,6.9,6.9,6.9,"大侠水牛毛肚,花千骨,贵妃牛肉"
俭让老妈砂锅串串香,http://www.dianping.com/shop/107721893,准四星商户,45,,7.8,7.9,7.9,"鸳鸯锅底,菌汤锅底,红汤锅底"
顶王台湾养生火锅(长江高中店),http://www.dianping.com/shop/78019973,准四星商户,67,29,7.6,7.7,7.7,"台湾燕饺,秘制鸭血,鲜牛肉"
襄阳鹅翅牛骨头,http://www.dianping.com/shop/24962484,准四星商户,89,40,7.5,7.5,7.5,"油焖大虾,牛骨头,干锅鹅翅"
旋转小火锅,http://www.dianping.com/shop/32655080,准四星商户,37,18,7.4,7.4,7.5,"水果。,麻辣烫,"
重庆木匠老火锅(五一路店),http://www.dianping.com/shop/74591983,准四星商户,236,36,7.4,7.4,7.4,"肥羊卷,鸳鸯锅,广式香肠"
自助旋转小火锅,http://www.dianping.com/shop/56943360,准四星商户,38,15,7.4,7.5,7.5,"海带,蟹柳,菠菜"
重庆袁老四火锅,http://www.dianping.com/shop/110380006,准四星商户,69,,6.9,6.9,6.9,"潮汕牛肉,极品千层肚,手打虾滑"
饿狼串说,http://www.dianping.com/shop/112037882,准四星商户,44,,7.2,7.2,7.2,"无骨鸭掌,黄喉,番茄鸳鸯锅底"
木匠重庆老火锅,http://www.dianping.com/shop/24753762,准四星商户,760,28,7.7,7.7,7.7,"鲜毛肚,熏鹅肉,川味火锅"
老北京涮羊肉,http://www.dianping.com/shop/9366877,准四星商户,255,85,7.0,7.0,7.0,"涮羊肉锅底,炸酱面,芝麻酱蘸料"
高大胡子羊杂羊骨头火锅,http://www.dianping.com/shop/23183402,准四星商户,515,45,7.5,7.4,7.5,"特色羊骨头火锅,小鱼小虾,凉拌小肚"
水荷塘蒸汽石锅(洪湖店),http://www.dianping.com/shop/45323319,准四星商户,145,61,7.3,7.3,7.3,"爽口木耳,肉沫蒸茄子,双人石锅草鱼"
蜀九香火锅(港隆大厦店),http://www.dianping.com/shop/95359007,准四星商户,756,62,7.6,7.5,7.5,"红糖糍粑,蔬菜拼盘,牛肉拼盘"
蜀大侠,http://www.dianping.com/shop/104141362,三星商户,131,,6.9,6.9,6.9,"大侠水牛毛肚,花千骨,贵妃牛肉"
重庆袁老四火锅,http://www.dianping.com/shop/110380006,准四星商户,69,,6.9,6.9,6.9,"潮汕牛肉,极品千层肚,手打虾滑"
桃园,http://www.dianping.com/shop/9369432,准四星商户,131,40,7.3,7.3,7.4,"青椒鸡蛋饼,酸辣土豆丝,清炒时蔬"
十元自选小火锅,http://www.dianping.com/shop/32672793,准四星商户,76,,7.4,7.3,7.3,"清汤锅底,红油锅底,大白菜"
鼎锅香鲜菜老火锅,http://www.dianping.com/shop/121938318,准四星商户,5,,7.6,7.6,7.6,"香辣牛肉,鸭肠,屠场鲜毛肚"
二當家砂锅串串(凤凰路店),http://www.dianping.com/shop/66072655,准四星商户,479,27,7.5,7.5,7.5,"鸳鸯锅底,泡椒牛肉,毛肚"
蜀味香冒菜,http://www.dianping.com/shop/42936820,准四星商户,339,16,7.6,7.6,7.6,"土豆,生菜,藕片"
天府宴火锅城,http://www.dianping.com/shop/18347670,准四星商户,219,,7.6,7.6,7.6,"极品肥肠火锅,炸鱼皮,鲜鸭血"
三国火锅,http://www.dianping.com/shop/98421300,准四星商户,17,,7.2,7.2,7.2,"酸梅汤,红汤锅底,维他命柠檬茶"
奇鼎皇牛(荆州旗舰店),http://www.dianping.com/shop/5380561,四星商户,4023,76,8.3,8.3,8.3,"奶香小肥牛,原味豆浆,啤酒肥牛"
钢管厂五区小郡肝串串香火锅,http://www.dianping.com/shop/102446053,三星商户,38,,6.7,6.7,6.7,"山椒牛肉,香辣郡肝,折耳根牛肉"
渝府老火锅,http://www.dianping.com/shop/98885758,准四星商户,16,,7.6,7.6,7.6,"脆皮肠,味碟,羊肉卷"
八方台重庆火锅,http://www.dianping.com/shop/22950064,准四星商户,50,,7.1,7.1,7.1,"大白菜,海带,冬瓜"
郭场鸡,http://www.dianping.com/shop/97581659,准四星商户,4,,7.3,7.3,7.3,"科尔沁牛肉串,郭场鸡,"
朝天门火锅(万达店),http://www.dianping.com/shop/19639067,准四星商户,1694,78,7.1,7.1,7.1,"三鲜鸳鸯锅,美美蛙,经典麻辣锅"
红灯笼串串香,http://www.dianping.com/shop/18165758,准四星商户,2635,28,7.6,7.6,7.6,"鸳鸯锅底,牛肉卷,撒尿牛丸"
郭氏郭场鸡,http://www.dianping.com/shop/18507042,准四星商户,680,35,7.5,7.4,7.4,"郭场鸡火锅,花生米,刀拍黄瓜"
蜀大侠火锅,http://www.dianping.com/shop/93379113,准四星商户,92,78,7.0,7.0,6.9,"蜀大侠,大侠水牛毛肚,冰川鹅肠"
重庆巴王府火锅(餐谋天下),http://www.dianping.com/shop/22920471,准四星商户,5442,62,7.2,7.3,7.3,"鲜毛肚,三味茄子,巴王菌汤鸳鸯锅底"
袁妈砂锅串串(凤凰路总店),http://www.dianping.com/shop/48091546,准四星商户,17,30,7.5,7.3,7.4,"鸳鸯锅,牛肉,串串"
班花麻辣烫,http://www.dianping.com/shop/112145588,准四星商户,23,,7.3,7.3,7.3,"串串,最强大脑,乡村牛肉"
蜀味香冒菜,http://www.dianping.com/shop/42936820,准四星商户,339,16,7.6,7.6,7.6,"土豆,生菜,藕片"
长寿老妈砂锅串串香,http://www.dianping.com/shop/69211283,准四星商户,32,30,7.3,7.3,7.3,"招牌牛肉,掌中宝,牛肉串"
炉鼎记火锅,http://www.dianping.com/shop/97170754,准四星商户,257,71,7.5,7.6,7.6,"热气鲜牛肉,麻辣牛肉,鸭血"
海港印象海鲜自助火锅(万达店),http://www.dianping.com/shop/19639074,四星商户,10805,73,7.8,8.6,8.3,"三文鱼,蟹腿,虾子"
水荷塘蒸汽石锅(洪湖店),http://www.dianping.com/shop/45323319,准四星商户,145,61,7.3,7.3,7.3,"爽口木耳,肉沫蒸茄子,双人石锅草鱼"
蜀道,http://www.dianping.com/shop/23735277,四星商户,275,45,7.9,7.9,7.9,"手撕鹅翅,麻辣鱼块,农家小炒肉"
朝火锅,http://www.dianping.com/shop/98667847,准四星商户,310,,7.3,7.3,7.3,"朝牌香辣虾锅中锅,滋补肥牛卷,花千骨"
桃园,http://www.dianping.com/shop/9369432,准四星商户,131,40,7.3,7.3,7.4,"青椒鸡蛋饼,酸辣土豆丝,清炒时蔬"
十元自选小火锅,http://www.dianping.com/shop/32672793,准四星商户,76,,7.4,7.3,7.3,"清汤锅底,红油锅底,大白菜"
雨点小火锅,http://www.dianping.com/shop/98436387,四星商户,33,,7.8,7.8,7.9,"鱿鱼卷,梅林午餐肉,大白菜"
张师傅牛肉馆,http://www.dianping.com/shop/67121335,准四星商户,3,,7.2,7.2,7.2,"外婆菜炒肉未,,"
厨司令美蛙鱼头,http://www.dianping.com/shop/76965600,准四星商户,58,30,7.4,7.4,7.4,"美蛙,香辣锅底,碳烤牛蛙"
巴蜀大将火锅(荆州店),http://www.dianping.com/shop/103596900,准四星商户,190,,7.4,7.6,7.5,"草船借箭,空城计,挑战麻辣"
重庆Y火锅,http://www.dianping.com/shop/21745241,准四星商户,649,54,7.5,7.5,7.5,"鸭肠,麻辣鸳鸯锅,重庆火锅"
小胡鸭串串香,http://www.dianping.com/shop/69350550,准四星商户,737,10,7.3,7.3,7.2,"油碟,黑毛肚,腐竹"
重庆李记串串香(江汉北路店),http://www.dianping.com/shop/67056739,准四星商户,191,29,7.3,7.2,7.3,"秘制干碟,香菜牛肉,泡椒牛肉"
郭场火锅鸡,http://www.dianping.com/shop/58643620,准四星商户,9,,7.6,7.1,7.3,"土鸡火锅,去骨鸭爪,猪尾巴火锅"
荆楚串婆婆,http://www.dianping.com/shop/66159878,准四星商户,341,24,7.5,7.4,7.4,"掌门牛肉,鸳鸯锅底,燕饺"
黄焖鸡米饭,http://www.dianping.com/shop/23349091,四星商户,209,14,8.1,8.1,8.2,"黄焖鸡米饭,黄焖茄子煲,浓汁香鸡煲"
天府源串串香,http://www.dianping.com/shop/8859186,四星商户,718,33,7.9,7.7,7.8,"天府源味碟,特色哨子饭,泡椒牛肉串"
雨点小火锅,http://www.dianping.com/shop/98436387,四星商户,33,,7.8,7.8,7.9,"鱿鱼卷,梅林午餐肉,大白菜"
徐先生在成都老火锅(滨湖嘉园店),http://www.dianping.com/shop/93469423,准四星商户,95,,7.3,7.3,7.3,"乌苏啤酒,现杀鸭血,徐先生子母锅底"
蜀道,http://www.dianping.com/shop/23735277,四星商户,275,45,7.9,7.9,7.9,"手撕鹅翅,麻辣鱼块,农家小炒肉"
重庆家乡小面,http://www.dianping.com/shop/23735054,四星商户,291,18,7.8,7.7,7.8,"麻辣鱼块,干锅去骨鸭掌,香辣鸡中翅"
鲜鱼莊,http://www.dianping.com/shop/6170050,准四星商户,1731,31,7.6,7.6,7.6,"酸菜鱼火锅,火烧馍,农家豆腐"
郭场火锅鸡,http://www.dianping.com/shop/58643620,准四星商户,9,,7.6,7.1,7.3,"土鸡火锅,去骨鸭爪,猪尾巴火锅"
荆楚串婆婆,http://www.dianping.com/shop/66159878,准四星商户,341,24,7.5,7.4,7.4,"掌门牛肉,鸳鸯锅底,燕饺"
荆渝1986重庆老火锅(聚珍园店),http://www.dianping.com/shop/96117855,准四星商户,1,,7.2,7.2,7.2,"精品肥牛,内蒙羊肉卷,凤尾腰花"
杨大师鸭爪爪特色火锅,http://www.dianping.com/shop/111607799,准四星商户,38,,7.5,7.5,7.5,"招牌鸭爪鸭翅锅,激情鸡恋虾,定西宽粉"
熊之森创意料理(人信汇店),http://www.dianping.com/shop/66168966,准四星商户,33,50,7.3,7.3,7.3,"味噌汤,鳗鱼饭,泰芒三文鱼寿司"
重庆Y火锅,http://www.dianping.com/shop/21745241,准四星商户,649,54,7.5,7.5,7.5,"鸭肠,麻辣鸳鸯锅,重庆火锅"
朝火锅,http://www.dianping.com/shop/98667847,准四星商户,310,,7.3,7.3,7.3,"朝牌香辣虾锅中锅,滋补肥牛卷,花千骨"
二当家砂锅串串(沙市凡尔赛店),http://www.dianping.com/shop/75326903,准四星商户,27,55,7.2,7.2,7.2,"二当家一品鸳鸯锅,二当家新鲜鱿鱼须,二当家特色丁丁牛肉"
重庆片片鱼自助火锅,http://www.dianping.com/shop/120155282,准四星商户,19,,7.2,7.2,7.2,",,"
黄记煌三汁焖锅(人信汇店),http://www.dianping.com/shop/91045794,三星商户,373,,6.7,6.8,6.7,"鸡肉焖锅,芝士年糕,粉丝"
记忆老灶火锅,http://www.dianping.com/shop/66796974,准四星商户,27,42,7.3,7.3,7.3,"毛肚,嫩牛肉,锅盔"
天和楼老火锅,http://www.dianping.com/shop/96201412,准四星商户,9,,7.3,7.3,7.3,"手工虾滑,九宫格老锅底,中熬一级肥牛卷"
水荷塘蒸汽石锅(洪湖店),http://www.dianping.com/shop/45323319,准四星商户,145,61,7.3,7.3,7.3,"爽口木耳,肉沫蒸茄子,双人石锅草鱼"
蜀小辣老火锅,http://www.dianping.com/shop/112220179,准四星商户,2,,7.3,7.3,7.3,"宽粉,撒尿牛丸,蜀鲜牛肉"
张师傅牛肉馆,http://www.dianping.com/shop/67121335,准四星商户,3,,7.2,7.2,7.2,"外婆菜炒肉未,,"
久久养生牛肉汤荆州总店,http://www.dianping.com/shop/21346884,准四星商户,18,50,7.2,7.2,7.2,"牛肉,牛筋,蘸碟"
三国火锅,http://www.dianping.com/shop/98421300,准四星商户,17,,7.2,7.2,7.2,"酸梅汤,红汤锅底,维他命柠檬茶"
八方台重庆火锅,http://www.dianping.com/shop/22950064,准四星商户,50,,7.1,7.1,7.1,"大白菜,海带,冬瓜"
重庆李记串串香(江汉北路店),http://www.dianping.com/shop/67056739,准四星商户,191,29,7.3,7.2,7.3,"秘制干碟,香菜牛肉,泡椒牛肉"
重庆片片鱼自助火锅,http://www.dianping.com/shop/121508151,准四星商户,6,,7.2,7.2,7.2,",,"
鱼羊蝎子锅,http://www.dianping.com/shop/90311175,准四星商户,2,,7.2,7.2,7.2,",,"
灌县老妈砂锅串串,http://www.dianping.com/shop/35857310,准四星商户,100,31,7.3,7.2,7.2,"泡椒牛肉,红汤养颜锅,老妈秘制牛肉"
大斌家串串火锅,http://www.dianping.com/shop/111533369,准四星商户,1,,7.3,7.3,7.3,",,"
松滋鸡馆,http://www.dianping.com/shop/9937777,准四星商户,19,,7.1,7.1,7.1,"茶树菇炖松滋鸡,豆浆,时令蔬菜"
海清杨师傅火锅,http://www.dianping.com/shop/43794229,准四星商户,6,,7.4,7.4,7.4,",,"
荆美源重庆老火锅,http://www.dianping.com/shop/98661213,准四星商户,16,,7.3,7.3,7.3,"鸳鸯锅底自选,全锅锅底自选,大刀毛肚"
梁记成都串串香,http://www.dianping.com/shop/57234824,准四星商户,189,30,7.3,7.3,7.3,"排骨串,红豆汤,自制成都冰粉"
思味黄牛庄,http://www.dianping.com/shop/57734792,准四星商户,124,37,7.2,7.3,7.2,"香锅牛肉泡饭,农家牛肉锅巴,清炒时蔬"
渝宗重庆老火锅(解放路店),http://www.dianping.com/shop/72066543,准四星商户,18,29,7.2,7.2,7.2,"千张,海带,金针菇"
八品道台记锅食汇,http://www.dianping.com/shop/73393031,准四星商户,2,30,7.2,7.2,7.2,"千张,,"
爱尚.火锅吧,http://www.dianping.com/shop/90409100,准四星商户,18,,7.2,7.2,7.2,"川香麻辣锅,特色香辣锅,滋补养身锅"
烫锅鲜砂锅串串,http://www.dianping.com/shop/98737325,准四星商户,85,,7.0,7.0,7.0,"招牌嫩牛肉,香菜牛肉,午餐肉"
眼镜兄弟五区后门小郡肝串串香(三湾路尚风尚水店),http://www.dianping.com/shop/112118913,准四星商户,42,,7.1,7.1,7.1,"麻辣牛肉,香菜牛肉,泡椒牛肉"
合鸣轩重庆火锅,http://www.dianping.com/shop/114486613,准四星商户,1,,7.1,7.1,7.1,"脆皮肠,精品肥牛,生抠鸭肠"
爱辣啵啵鱼,http://www.dianping.com/shop/76972768,准四星商户,72,30,7.1,7.1,7.1,"超级麻力,配菜,小爱番茄"
朝天门,http://www.dianping.com/shop/97909902,准四星商户,36,,7.1,7.1,7.1,"味碟,鱼头,美蛙"
纸包鱼,http://www.dianping.com/shop/68875194,准四星商户,7,50,7.2,7.2,7.2,"青椒肉丝,肥肠石锅烤鱼,豆腐"
土家乡寨,http://www.dianping.com/shop/77344708,准四星商户,1,,7.1,7.2,7.1,",,"
小郡肝串串香,http://www.dianping.com/shop/93725828,准四星商户,29,,7.1,7.1,7.1,"红糖糍粑,香酥肉,红油锅底"
大汉红锅•张记木桶鱼,http://www.dianping.com/shop/93071854,准四星商户,91,,7.1,7.1,7.1,"外婆千张,蔬菜拼盘,无骨龙利鱼"
天府干锅鹅翅沸腾鱼(红星路店),http://www.dianping.com/shop/69627876,准四星商户,233,40,7.1,7.1,7.2,"鹅翅,沸腾鱼,生鱼片"
金釜山串串烤肉海鲜火锅自助餐厅,http://www.dianping.com/shop/93644579,三星商户,14,,6.8,6.8,6.8,",,"
李记串串香,http://www.dianping.com/shop/107395057,准四星商户,56,,7.2,7.2,7.2,"红汤,荤素串串,肥羊"
斗城老妈砂锅串串,http://www.dianping.com/shop/69535920,准四星商户,40,27,7.1,7.0,7.0,"番茄鸳鸯锅底,泡椒牛肉,脆皮肠"
魚䲆鱻草帽石锅鱼,http://www.dianping.com/shop/96300938,准四星商户,57,,7.2,7.2,7.2,"草鱼,内蒙羊肉卷,自助调料"
重庆天府火锅,http://www.dianping.com/shop/97337490,准四星商户,15,,7.1,7.1,7.1,"里脊肉,豆腐,生菜"
王小狗重庆老火锅,http://www.dianping.com/shop/92669443,准四星商户,4,,7.2,7.2,7.2,"冻豆腐,毛肚,不老牛肉"
蜀宗签味串串香,http://www.dianping.com/shop/110605965,准四星商户,2,,7.1,7.1,7.1,",,"
咱家的火锅,http://www.dianping.com/shop/32649153,准四星商户,19,50,7.2,7.2,7.1,"秘制牛肉,芝士包,主打调料"
牛婆婆砂锅串串,http://www.dianping.com/shop/93281520,准四星商户,4,,7.2,7.2,7.2,"串串,,"
辣花荟重庆火锅,http://www.dianping.com/shop/96124547,准四星商户,257,,7.1,7.1,7.1,"芭比肥牛,重庆串串牛肉,番茄鸳鸯锅"
油榨湾鸭子火锅,http://www.dianping.com/shop/96532359,准四星商户,27,,7.2,7.2,7.2,"鸭子火锅,臭桂鱼,香辣蟹"
宜宾燃面公安牛肉馆,http://www.dianping.com/shop/97000245,准四星商户,13,,7.1,7.1,7.1,"盐菜蛋皮汤,时蔬,荤素双蒸"
老成都跳跳蛙,http://www.dianping.com/shop/96556169,准四星商户,35,,7.2,7.2,7.2,"老成都跳跳蛙,千张,香辣花甲"
陈记串串香火锅,http://www.dianping.com/shop/124575047,准四星商户,2,,7.1,7.1,7.1,"爽口百叶,9秒毛肚,麻辣小郡肝"
灌县老妈砂锅串串(江陵店),http://www.dianping.com/shop/67101474,准四星商户,2,,7.1,7.1,7.1,"黄喉,麻花,年糕"
洞氮胡记羊肉馆,http://www.dianping.com/shop/125904243,准四星商户,4,,7.1,7.1,7.1,"羊杂,猪油拌粉,黄酒"
哥俩串串香,http://www.dianping.com/shop/22883655,准四星商户,102,21,7.1,7.1,7.2,"鸳鸯锅底,肥牛,清汤滋补锅底"
石磨坊石锅鱼,http://www.dianping.com/shop/93711471,准四星商户,2,,7.1,7.1,7.1,",,"
大斌家串串火锅(监利店),http://www.dianping.com/shop/108210437,三星商户,18,,6.8,6.8,6.8,"鸳鸯锅底,麻辣牛肉,霸王毛肚"
牛公馆,http://www.dianping.com/shop/110411696,准四星商户,1,,7.1,7.1,7.1,"牛排火锅,,"
醉码头火锅,http://www.dianping.com/shop/98388283,准四星商户,14,,7.0,7.0,7.0,"嫩牛肉,鲜鸭血,秘制霸王排骨"
金滏山烤肉海鲜火锅自助餐厅,http://www.dianping.com/shop/91650116,准四星商户,438,,6.9,7.1,7.1,"甜点,鸡尾虾,花蟹"
小郡肝串串香火锅,http://www.dianping.com/shop/102338531,准四星商户,1,,7.0,7.0,7.0,"毛肚,凉拌毛豆,鸭血"
成都吃客热锅串串,http://www.dianping.com/shop/121946219,准四星商户,48,,6.9,6.9,6.9,"串串,土豆,五香兔头"
学签班砂锅串串,http://www.dianping.com/shop/108137426,准四星商户,34,,7.0,7.0,7.0,"茶派,山楂柠檬听装,槟榔"
小郡肝串串香,http://www.dianping.com/shop/110639815,准四星商户,1,,7.0,7.0,7.0,",,"
黄记煌三汁焖锅,http://www.dianping.com/shop/79218041,准四星商户,164,60,6.9,7.0,7.0,"牛蛙,鸭血,巴沙鱼"
郭场火锅鸡,http://www.dianping.com/shop/24838301,准四星商户,6,,7.1,7.1,7.1,",,"
石首牛骨头,http://www.dianping.com/shop/66838654,准四星商户,6,,7.0,7.0,7.0,"牛骨头,毛豆,"
渝味百年音乐火锅mini bar,http://www.dianping.com/shop/103619027,准四星商户,5,,7.0,7.0,7.0,"秘制嫩牛肉,渝味猪颈肉,番茄鸳鸯锅"
川府映像成都串串火锅连锁,http://www.dianping.com/shop/121504107,准四星商户,7,,7.0,7.0,7.0,"生扣鸭肠,川府三宝,香菜牛肉"
捞才猪肚鸡(洪湖店),http://www.dianping.com/shop/21678760,准四星商户,573,55,7.2,7.2,7.1,"原味猪肚鸡,金牌瓦煲腊味饭,干锅香辣虾"
印象成都老火锅,http://www.dianping.com/shop/121940639,准四星商户,16,,6.9,6.9,6.9,"自助小料,红糖糍粑,炸腐竹"
东南醇牛肉馆(江陵店),http://www.dianping.com/shop/8932171,准四星商户,7,,7.0,7.0,7.0,"三鲜汤,风味花甲,麻辣牛肉"
海馨坊潮汕牛肉火锅,http://www.dianping.com/shop/98259096,准四星商户,3,,7.0,7.0,7.0,",,"
八千里庄小郡肝火锅串串,http://www.dianping.com/shop/121559004,准四星商户,7,,7.0,7.0,7.0,"麻辣牛肉,小郡肝,味碟"
重庆升豪老火锅,http://www.dianping.com/shop/20709294,准四星商户,9,,7.0,7.0,7.0,"牛肚,牛羊肉,"
食为天,http://www.dianping.com/shop/10461342,准四星商户,7,,7.0,7.0,7.0,",,"
福星野生鱼庄,http://www.dianping.com/shop/22302534,准四星商户,5,,7.0,7.0,7.0,",,"
571火锅烧烤,http://www.dianping.com/shop/110429695,准四星商户,1,,7.0,7.0,7.0,"锡纸烤鱼,烤全兔,烤猪脚"
虾卖,http://www.dianping.com/shop/101919349,准四星商户,1,,7.0,7.0,7.0,"猪肉米粉,油焖大虾,串串"
袁妈砂锅串串,http://www.dianping.com/shop/67112185,准四星商户,14,29,7.1,7.0,7.0,"鸳鸯锅底,黄骨鱼,麻辣牛肉"
九品鱼庄,http://www.dianping.com/shop/98838421,准四星商户,4,,7.0,7.0,7.0,"芹菜香干,铁板滑鸡,平锅鲫鱼"
八张台子,http://www.dianping.com/shop/98370660,准四星商户,1,,7.0,7.0,7.0,",,"
李二鲜鱼(监利店),http://www.dianping.com/shop/97261829,准四星商户,9,,7.0,7.0,7.0,"什锦拼盘,鸭血,火烧馍"
莽小妹,http://www.dianping.com/shop/98352308,准四星商户,9,,7.0,7.0,7.0,"鸳鸯锅,,"
鲜龟馆,http://www.dianping.com/shop/18367833,准四星商户,5,,7.0,7.0,7.0,"长湖生态甲鱼,,"
缘记龙虾殿,http://www.dianping.com/shop/83207842,准四星商户,10,28,7.1,7.1,7.1,"红汤锅底,鸳鸯锅底,油焖大虾"
杨记串串香,http://www.dianping.com/shop/96142118,准四星商户,12,,7.0,7.0,7.0,"火锅面,小料,啤酒"
香辣驴肉馆,http://www.dianping.com/shop/65905522,准四星商户,1,,7.0,7.0,7.0,",,"
春姐重庆老火锅,http://www.dianping.com/shop/51525361,准四星商户,20,,6.9,6.9,6.9,"春姐重庆老火锅,九宫格,红糖凉糕"
肥肠火锅,http://www.dianping.com/shop/22912143,准四星商户,3,,7.0,7.0,7.0,"肥肠火锅,腊蹄炖藕,杂鱼火锅"
老当阳郭场火锅鸡,http://www.dianping.com/shop/110250644,准四星商户,13,,7.0,7.0,7.0,"粉丝,郭场鸡,刀拍黄瓜"
佰转签回旋转小火锅,http://www.dianping.com/shop/57481321,准四星商户,42,10,7.1,7.1,7.1,"火锅,鸡蛋面,红薯粉"
鱼汤泡饭,http://www.dianping.com/shop/75629411,准四星商户,1,,7.0,7.0,7.0,"笋子鸡,新沟特色卤菜,鱼汤泡饭"
李洁浑锅,http://www.dianping.com/shop/33506949,准四星商户,1,,7.0,7.0,7.0,"中锅浑锅,炸排骨,炸肉"
一爿香,http://www.dianping.com/shop/69111336,准四星商户,21,20,7.0,7.0,7.0,"蒸蛋,口味木耳,凉拌香菜牛肉"
招牌水煮鱼,http://www.dianping.com/shop/90325414,准四星商户,1,,7.0,7.0,7.0,"酸辣鸡杂,酸豆角肉沫,茄子炒豆角"
袁妈牛骨火锅(绿地海外滩店),http://www.dianping.com/shop/101920785,准四星商户,82,,7.0,7.0,7.0,"牛骨头,味碟,特色鸳鸯锅"
凤王府火锅,http://www.dianping.com/shop/98794416,准四星商户,60,,6.9,6.8,6.8,"精品一号肥牛,生扣鸭肠,精品千层肚"
老同学洞子火锅,http://www.dianping.com/shop/69859795,准四星商户,12,,6.9,6.9,6.8,"火锅,土豆,肥牛卷"
重庆崽儿火锅,http://www.dianping.com/shop/90335908,准四星商户,235,,6.9,6.9,6.9,"生鱼片,功夫黄瓜,素菜拼盘"
重庆德庄火锅,http://www.dianping.com/shop/102493095,三星商户,172,,6.9,6.9,6.9,"手工虾滑,德庄招牌毛肚,雪花肥牛"
红锅会,http://www.dianping.com/shop/95243436,三星商户,20,,6.9,6.9,6.9,",,"
乡村柴火鸡,http://www.dianping.com/shop/69491265,准四星商户,9,35,6.9,6.9,6.9,"冻豆腐,油条,大白菜"
悦鼎汇,http://www.dianping.com/shop/19639178,准四星商户,43,57,6.9,6.9,6.9,"菌王汤,毛肚,牛肉"
五区后门小郡肝串串香荆州总店,http://www.dianping.com/shop/112479854,准四星商户,3,,7.0,7.0,7.0,"红锅,,"
清真牛肉馆,http://www.dianping.com/shop/9378695,准四星商户,6,,6.9,6.9,7.0,"牛三鲜火锅,黄焖丸子,红烧牛肉火锅"
长湖野生渔庄,http://www.dianping.com/shop/9364641,准四星商户,4,,6.9,6.9,6.9,"红烧黄骨鱼,清炒藕节,"
龟鳖坊,http://www.dianping.com/shop/21251640,三星商户,1,80,6.9,6.9,6.9,"三年生甲鱼,辣汁肥肠,干锅仔鸡"
红灯笼串串香(曲江路店),http://www.dianping.com/shop/98941789,准四星商户,93,,6.9,6.9,6.9,"牛百叶,毛肚,芝士年糕"
麻辣无情重庆老火锅,http://www.dianping.com/shop/104936192,准四星商户,17,,6.9,6.9,6.9,"金馒头,芒果酥,南瓜饼"
劲牛馆,http://www.dianping.com/shop/111861829,准四星商户,6,,6.9,6.9,6.9,"西施牛肉春卷,九宫瑶池豆腐,纯正黄牛肉火锅"
蜀门,http://www.dianping.com/shop/90485439,三星商户,21,,6.9,6.9,6.9,"红汤牛油全锅,餐位费,土豆"
周记特色牛骨头,http://www.dianping.com/shop/32766704,准四星商户,6,15,6.9,6.9,6.9,"藕汤,青菜,牛骨头"
嘉州飘香串串香(曲江路店),http://www.dianping.com/shop/112668770,准四星商户,2,,6.9,6.9,6.9,"豆油皮,方便面,年糕"
石首牛骨头(红星路店),http://www.dianping.com/shop/32648744,准四星商户,19,35,6.9,6.9,6.9,"藕带鸡杂,油焖大虾,爽口凉面"
第一家牛肠美食坊(旗舰店),http://www.dianping.com/shop/5660199,三星商户,5,22,6.9,6.9,6.9,"牛肠锅,鲢鱼豆腐,辣子牛肉"
小杜长江鱼庄,http://www.dianping.com/shop/97472556,三星商户,1,,6.9,6.9,6.9,",,"
怡然园农家鱼庄,http://www.dianping.com/shop/32472453,准四星商户,2,40,6.9,6.9,6.9,"清炒土豆丝,啤酒鸭火锅,每日例汤"
靖轩阁火锅,http://www.dianping.com/shop/96470749,三星商户,50,,6.8,6.8,6.8,"藕片,怡宝矿泉水,香酥油条"
成都老火锅城,http://www.dianping.com/shop/21352182,准四星商户,1,51,7.0,6.9,6.9,"秘制牛肉,鲜鸭血,毛肚"
长生鱼馆,http://www.dianping.com/shop/43702163,三星商户,2,,6.9,6.9,6.9,",,"
沸腾地带特色升降火锅,http://www.dianping.com/shop/96088412,三星商户,4,,6.9,6.9,6.9,"娃娃菜,龙利鱼,海带"
渝楚轩火锅城(农学院店),http://www.dianping.com/shop/9378742,准四星商户,6,21,7.0,7.0,7.0,"黑米糕,鱼豆腐,鲜嫩牛肉"
京味食族,http://www.dianping.com/shop/23339205,准四星商户,4,50,7.0,7.0,7.0,"纯正涮内蒙牛羊拼盘,凉拌毛豆,刀拍黄瓜"
灌县老妈砂锅串串(江汉北路店),http://www.dianping.com/shop/66030266,准四星商户,132,61,7.0,7.0,7.0,"霸王牛肉,鸳鸯锅底,火锅粉"
浑水摸鱼,http://www.dianping.com/shop/33578490,三星商户,2,,6.9,6.9,6.9,",,"
新天天有鱼,http://www.dianping.com/shop/5651160,准四星商户,8,25,6.9,6.9,6.9,"有酱汁的鸡蛋,蒜你狠,马来西亚豆腐"
飘香牛肉馆,http://www.dianping.com/shop/63773850,准四星商户,1,,6.9,6.9,6.9,",,"
邻小姐火锅串串,http://www.dianping.com/shop/75122332,三星商户,1,,6.9,6.9,6.9,",,"
舌尖荆州有腥味,http://www.dianping.com/shop/19473404,准四星商户,12,,6.9,6.9,6.9,"粉蒸牛肉,时令蔬菜,卤水拼盘"
李记鲜鱼火锅,http://www.dianping.com/shop/10460893,三星商户,3,,6.9,6.9,6.9,",,"
签佰度砂锅串串(洪湖店),http://www.dianping.com/shop/97180102,三星商户,4,,6.9,6.9,6.9,",,"
顺水鱼火锅,http://www.dianping.com/shop/23223005,准四星商户,7,,6.9,6.9,6.9,"手撕包菜,干锅梅菜春笋,水果拼盘"
九味阁,http://www.dianping.com/shop/33631741,准四星商户,5,,6.9,6.9,6.9,"黄姑鱼火锅,猪脚火锅,财鱼火锅"
红灯笼串串香,http://www.dianping.com/shop/91900051,三星商户,13,,6.9,6.9,6.9,"味碟,鸡蛋面,娃娃菜"
转转小火锅,http://www.dianping.com/shop/90344199,三星商户,7,,6.9,6.9,6.9,"娃娃菜,牛肉,鱼皮"
顺意烧烤粥,http://www.dianping.com/shop/65364274,准四星商户,1,,6.9,6.9,6.9,"鲫鱼,鸭爪,锡纸脑花"
老杨财鱼馆,http://www.dianping.com/shop/96220182,三星商户,2,,6.9,6.9,6.9,"财鱼火锅,,"
乡村吊锅城,http://www.dianping.com/shop/70436230,三星商户,3,45,6.9,6.9,6.9,"干锅千页豆腐,鱼香茄子煲,韭香爆田螺"
麻辣英雄重庆老火锅,http://www.dianping.com/shop/110509718,准四星商户,4,,7.0,7.0,7.0,"自助味碟,鲜毛肚,冬瓜片"
正宗四川飘香火锅,http://www.dianping.com/shop/4667765,准四星商户,535,22,6.9,6.9,6.9,"海带,鸡血,金针菇"
重庆九格香老火锅,http://www.dianping.com/shop/48088496,准四星商户,19,40,7.0,7.0,7.0,"精品肥牛卷,鱼头鸳鸯锅,冬瓜"
小杜农家鱼庄,http://www.dianping.com/shop/9375801,三星商户,2,,6.9,6.9,6.9,",,"
长江石锅鱼,http://www.dianping.com/shop/45458519,三星商户,1,,6.9,6.9,6.9,",,"
香龟馆(沙市店),http://www.dianping.com/shop/97989611,准四星商户,1,,6.9,6.9,6.9,"五年生乌龟火锅,,"
三锅演义,http://www.dianping.com/shop/41128381,三星商户,1,53,6.9,6.9,6.9,",,"
茅椒火辣老火锅,http://www.dianping.com/shop/57779281,准四星商户,4,30,6.9,6.9,6.9,"味碟,鸭血,竹笋"
兄妹火锅,http://www.dianping.com/shop/40817441,三星商户,2,,6.9,6.9,6.9,",,"
吾爱九宫格火锅,http://www.dianping.com/shop/21929682,三星商户,1243,65,6.9,6.9,6.9,"千层牛百叶,鸳鸯养生锅底,肥牛卷"
荆渝1986重庆老火锅(万达金街店),http://www.dianping.com/shop/98336915,三星商户,12,,6.8,6.8,6.8,"精品肥牛,招牌鲜毛肚,土豆片"
蛙小柒(红星路店),http://www.dianping.com/shop/93216430,三星商户,394,,6.8,6.8,6.8,"双椒牛蛙,泡椒牛蛙泡锅,麻辣牛蛙泡锅"
食叁味美蛙鱼头鲜牛肉火锅,http://www.dianping.com/shop/98138905,三星商户,25,,6.8,6.8,6.8,"新鲜大拼盘,虾滑,腱子肉"
口口金重庆火锅,http://www.dianping.com/shop/79065965,三星商户,3,,6.8,6.8,6.8,",,"
红星路牛羊杂火锅店,http://www.dianping.com/shop/9366748,三星商户,2,,6.8,6.8,6.8,"羊杂,,"
重庆觅辣火锅,http://www.dianping.com/shop/98359925,三星商户,57,,6.8,6.8,6.8,"觅辣脆毛肚,觅辣鱼子鲜虾滑,菌汤鸳鸯锅"
御记煌三汁焖锅(石首店),http://www.dianping.com/shop/97929414,三星商户,247,,6.8,6.8,6.8,"鸡翅,三鲜蒸饺,三黄鸡"
重庆老红军主题火锅,http://www.dianping.com/shop/95018142,三星商户,41,,6.8,6.8,6.8,"黑椒汁鸡肉,芝士年糕,高钙羊肉"
荆渝1986重庆老火锅(江津中路店),http://www.dianping.com/shop/104498624,三星商户,23,,6.8,6.8,6.8,"空运鸭血,虾滑,特色鸳鸯锅"
颐和乌鱼庄,http://www.dianping.com/shop/77014836,三星商户,36,,6.8,6.8,6.8,"乌鱼汤锅,黑鱼,蜜汁糖藕"
本塘我家酸菜鱼,http://www.dianping.com/shop/90995344,三星商户,108,,6.8,6.8,6.8,"酸菜鱼,蛋饺,清炒娃娃菜"
客串,http://www.dianping.com/shop/72357983,三星商户,3,,6.8,6.8,6.8,"冒鸭血豆腐,半夜毛肚,冒虾滑"
徐先生在成都老火锅(南湖路店),http://www.dianping.com/shop/106344353,三星商户,21,,6.8,6.8,6.8,"鸭肠,鲜嫩肉片,午餐肉"
老码头美蛙鱼头(成都老火锅),http://www.dianping.com/shop/102338556,三星商户,1,,6.8,6.8,6.8,",,"
魔石泡泡鱼,http://www.dianping.com/shop/43813427,三星商户,1,,6.8,6.8,6.8,",,"
虫草鸡,http://www.dianping.com/shop/22521502,准四星商户,1,,6.9,6.9,6.9,"素炒香干,鸡子火锅,素炒千张"
煮天下火锅,http://www.dianping.com/shop/63900969,准四星商户,1,,6.9,6.9,6.9,",,"
好吃火锅鱼,http://www.dianping.com/shop/63371722,准四星商户,1,,6.9,6.9,6.9,",,"
重庆鸭三套,http://www.dianping.com/shop/33578749,准四星商户,1,,6.9,6.9,6.9,",,"
七婆串串香(朱河店),http://www.dianping.com/shop/58533691,三星商户,1,64,6.9,6.9,6.9,",,"
春风餐馆(特色狗爪火锅),http://www.dianping.com/shop/69290188,三星商户,1,,6.9,6.9,6.9,"狗爪火锅,,"
"冒美如花,成都冒菜",http://www.dianping.com/shop/27336787,三星商户,4,,6.9,6.9,6.9,"牛百叶,鱼丸,粉丝"
丰子重庆老火锅(荆东路店),http://www.dianping.com/shop/92737933,准四星商户,8,,6.9,6.9,6.9,",,"
敏敏吊锅,http://www.dianping.com/shop/78032539,准四星商户,1,,6.9,6.9,6.9,"牛肉,,"
鱼锅饼子,http://www.dianping.com/shop/66957125,三星商户,1,,6.8,6.8,6.8,"养生山药,农家小炒肉,口味木耳"
荆楚串婆婆(三湾路店),http://www.dianping.com/shop/96270162,三星商户,89,,6.8,6.8,6.8,"土豆粉,千张,猪血"
刘家场烧鸡公排挡,http://www.dianping.com/shop/21986967,三星商户,6,,6.8,6.8,6.8,"烧鸡公,,"
金龙野鱼庄,http://www.dianping.com/shop/10461261,三星商户,1,,6.8,6.8,6.8,",,"
油榨湾17号鸭子火锅店,http://www.dianping.com/shop/90432714,三星商户,2,,6.8,6.8,6.8,",,"
重庆袁老四老火锅监利店,http://www.dianping.com/shop/97578352,三星商户,388,97,6.6,6.7,6.7,"鸭血,水牛鲜毛肚,功夫土豆片"
重庆春姐老火锅(梅台巷店),http://www.dianping.com/shop/59122696,三星商户,1,,6.8,6.8,6.8,",,"
公安牛肉火锅,http://www.dianping.com/shop/66804133,三星商户,1,,6.8,6.8,6.8,",,"
佑忠火锅城,http://www.dianping.com/shop/2344084,三星商户,3,,6.8,6.8,6.8,"憨鸭火锅,土鸡蛋,柴鱼火锅"
张记郭场鸡(三岔路店),http://www.dianping.com/shop/67783915,三星商户,2,,6.8,6.8,6.8,"香菜拌牛肉,郭场鸡火锅,牛腩火锅"
鲜鱼村,http://www.dianping.com/shop/5721656,三星商户,3,,6.8,6.8,6.8,",,"
红灯笼串串香(玉桥店),http://www.dianping.com/shop/68242182,三星商户,77,25,6.8,6.8,6.8,"鹌鹑蛋,鱼头,粉丝"
何记花甲,http://www.dianping.com/shop/24896666,三星商户,21,29,6.9,6.9,7.0,"虾饺,香煎大白刁,湘味小炒鸡"
玉和坪老火锅,http://www.dianping.com/shop/96689390,三星商户,36,,6.8,6.8,6.8,"麻辣牛肉,美国肥牛,羊肉卷"
重庆德庄火锅(美佳华广场店),http://www.dianping.com/shop/92265781,三星商户,667,93,6.7,6.7,6.7,"虾滑,上等雪花肥牛,德庄魔肚"
当阳郭场火锅鸡,http://www.dianping.com/shop/121901115,三星商户,1,,6.7,6.7,6.7,"郭场火锅鸡,鸡杂,泡白菜"
马路边边串串麻辣烫,http://www.dianping.com/shop/125108882,三星商户,2,,6.7,6.7,6.7,"冒花甲,鸡脚,冒粉"
重庆九宫阁火锅,http://www.dianping.com/shop/91052489,三星商户,93,,6.7,6.7,6.7,"精品肥牛,鲜毛肚,新滩鱼丸"
正宗野生鳝鱼第一家,http://www.dianping.com/shop/10461044,三星商户,,,,,,"西红柿炒鸡蛋,特仑苏纯牛奶,干锅蟹味菇"
五味缘·小郡肝串串香,http://www.dianping.com/shop/102179813,三星商户,28,,6.7,6.7,6.7,"椰娃泰式生榨,劲酒,蛋面"
红天下火锅店,http://www.dianping.com/shop/97429840,三星商户,38,,6.7,6.7,6.7,"土豆,包心鱼丸,红天下鱼糕"
刘家印象柴火鸡(监利店),http://www.dianping.com/shop/97497718,三星商户,13,,6.7,6.7,6.7,"肉沫蒸鸡蛋,鸡杂鸡血,土鸡"
豆丁蛙,http://www.dianping.com/shop/91644422,三星商户,2,,6.7,6.7,6.7,",,"
大斌家串串火锅,http://www.dianping.com/shop/98275440,三星商户,14,,,,,",,"
吕老三羊杂馆,http://www.dianping.com/shop/97555066,三星商户,,,,,,"牛肉粉,羊肉锅,羊三宝"
郭场火锅鸡,http://www.dianping.com/shop/95905900,三星商户,,,,,,"炕蒸藕,,"
四季美羊肉砂锅煲,http://www.dianping.com/shop/92021832,三星商户,,,,,,"酱羊骨头,羊鞭蛋,羊杂"
地方特色烧烤专业炒菜,http://www.dianping.com/shop/58863465,三星商户,,,,,,"野味火锅,麻辣活鱼,"
阿乐大虾虾火锅,http://www.dianping.com/shop/111776409,三星商户,51,,6.7,6.7,6.7,"香辣大虾,刀拍黄瓜,手工裤带面"
张师傅火锅店,http://www.dianping.com/shop/63582990,三星商户,1,,6.8,6.8,6.8,",,"
上百捞时尚火锅,http://www.dianping.com/shop/58997355,三星商户,51,25,6.9,6.9,6.9,"撒尿牛肉丸,精品羊肉卷,龙虾排"
客来香餐馆,http://www.dianping.com/shop/23333742,三星商户,1,,6.8,6.8,6.8,"咸鱼茄子煲,黄瓜炒肉,麻辣鸡丝"
石锅鱼,http://www.dianping.com/shop/77242727,三星商户,1,,6.8,6.8,6.8,",,"
四季吊锅城,http://www.dianping.com/shop/9375549,三星商户,5,,6.8,6.8,6.8,",,"
小海鲜鱼馆,http://www.dianping.com/shop/95950089,三星商户,1,,6.8,6.8,6.8,",,"
马记私房牛肉馆,http://www.dianping.com/shop/98003601,三星商户,,,,,,",,"
毛燥原味老火锅,http://www.dianping.com/shop/111996484,三星商户,,,,,,"毛燥九秒牛肉,手打鲜虾滑,嫩牛肉"
松滋杜婆鸡馆,http://www.dianping.com/shop/24934998,三星商户,,,,,,",,"
荆楚黄家塘牛肉,http://www.dianping.com/shop/97904879,三星商户,6,,6.7,6.7,6.7,"特色卤鱼,香辣小鱼,韩国辣白菜"
水晶荟(小火锅),http://www.dianping.com/shop/98213019,三星商户,,,,,,",,"
五角旋转小火锅,http://www.dianping.com/shop/91056734,三星商户,,,,,,"凉拌鱿鱼,凉拌意大利面,鸭心"
海鲜生(油江路公安二店),http://www.dianping.com/shop/97842942,三星商户,,,,,,",,"
朝天门火锅,http://www.dianping.com/shop/90920021,三星商户,5,,6.7,6.8,6.8,"朝天门酥肉,手工虾滑,跳舞毛肚"
chuanchuan(鲜骨汤串串),http://www.dianping.com/shop/98175687,三星商户,,,,,,",,"
沈记麻辣串,http://www.dianping.com/shop/66788435,三星商户,,,,,,"鱿鱼,熏肉,猪肝"
渝味莽子老火锅(红星路店),http://www.dianping.com/shop/97944046,三星商户,46,,6.8,6.8,6.8,"虾滑,嫩肉片,麻辣牛肉"
冯记招牌水煮鱼(步行街店),http://www.dianping.com/shop/98231304,三星商户,,,,,,"毛铺酒,麻辣粉丝,千张"
牛骨头,http://www.dianping.com/shop/66554649,三星商户,,,,,,"腊肉烧小土豆,油焖大虾,小鱼小虾"
5毛串串香,http://www.dianping.com/shop/99789766,三星商户,,,,,,",,"
砂锅米线自选小火锅,http://www.dianping.com/shop/43741781,三星商户,,,,,,"时今蔬菜,猪肝,"
夏华子牛肉,http://www.dianping.com/shop/96336998,三星商户,,,,,,",,"
石锅鱼餐馆,http://www.dianping.com/shop/98397264,三星商户,,,,,,",,"
龚鸡餐馆,http://www.dianping.com/shop/67074009,三星商户,,,,,,"火烧鸡,烧鸡肉,土包鸡"
美蛙鱼头,http://www.dianping.com/shop/96438462,三星商户,,,,,,",,"
幺妹转转锅,http://www.dianping.com/shop/96579150,三星商户,,,,,,",,"
藤椒牛杂火锅,http://www.dianping.com/shop/97718653,三星商户,,,,,,",,"
五七油焖大虾石首牛骨头,http://www.dianping.com/shop/59037837,三星商户,,82,,,,",,"
刘小武现烧牛肉馆,http://www.dianping.com/shop/4677154,三星商户,1,,,,,"烧牛肉,,"
麻辣碗串串香,http://www.dianping.com/shop/93649092,三星商户,,,,,,",,"
聚一堂钵钵菜,http://www.dianping.com/shop/48720893,三星商户,,,,,,",,"
公安牛肉馆,http://www.dianping.com/shop/39724028,三星商户,,,,,,"纯牛肉火锅三人餐,纯牛肉火锅四人餐,牛蹄筋火锅三人餐"
咕咚音乐火锅,http://www.dianping.com/shop/112284633,三星商户,6,,6.5,6.5,6.5,"广式香肠,牛肉串串,心里枯"
三太子外卖工坊,http://www.dianping.com/shop/97434810,三星商户,,,,,,",,"
出老签(人信汇店),http://www.dianping.com/shop/102323963,三星商户,13,,6.6,6.6,6.6,"鸳鸯锅微辣,炸鲜奶,姜汁可乐"
重庆刘一手火锅,http://www.dianping.com/shop/69047085,三星商户,52,82,6.6,6.6,6.6,"香菜肉丸,生抠鸭肠,一刘香豆腐"
阪尚皇自助烤肉串串火锅,http://www.dianping.com/shop/114805913,三星商户,35,,6.7,6.7,6.7,",,"
重庆熬家鲜菜火锅,http://www.dianping.com/shop/97246128,三星商户,75,,6.6,6.6,6.6,"秘制嫩牛肉,麻辣牛肉,豆棍"
食佳庄&美食馆(跃进店),http://www.dianping.com/shop/56884660,三星商户,1,27,6.7,6.7,6.7,"姜汁可乐,秘制西红柿,肉末茄子煲"
小鸟钓鱼,http://www.dianping.com/shop/97860836,三星商户,,,,,,",,"
川食尚火锅(长港路店),http://www.dianping.com/shop/92095183,三星商户,23,,6.7,6.7,6.7,"红糖锅盔,发财糕,鸭血"
好吃楼,http://www.dianping.com/shop/97792757,三星商户,,,,,,",,"
無忌小火锅,http://www.dianping.com/shop/96712183,三星商户,,,,,,",,"
当阳郭场火锅鸡,http://www.dianping.com/shop/93978454,三星商户,,,,,,",,"
爆火锅,http://www.dianping.com/shop/92898400,三星商户,,,,,,",,"
羊鱼锅,http://www.dianping.com/shop/97184658,三星商户,,,,,,",,"
时尚豆捞火锅餐厅,http://www.dianping.com/shop/67400196,三星商户,10,46,6.6,6.7,6.6,"柠檬可乐,鹌鹑蛋,土豆"
川外川串串香,http://www.dianping.com/shop/113162532,三星商户,2,,6.6,6.6,6.6,",,"
蛙勒ge趣美蛙鱼头,http://www.dianping.com/shop/110410699,三星商户,1,,6.6,6.6,6.6,",,"
五味缘小郡肝串串香(大庆路店),http://www.dianping.com/shop/110344503,三星商户,4,,6.5,6.5,6.5,"味碟,香菜牛肉,芹菜牛肉"
七味小郡肝火锅串串(玉桥店),http://www.dianping.com/shop/113079729,三星商户,12,,6.5,6.5,6.5,"味碟,串串,"
唐门火锅,http://www.dianping.com/shop/102972101,三星商户,2,,6.5,6.5,6.5,"巴掌毛肚,冰球鸭肠,"
刘家寨柴火鸡,http://www.dianping.com/shop/95051862,三星商户,3,,6.4,6.4,6.4,"高压锅蒸仔排,农家炸肉,脆皮碗豆"
一川缘记砂锅串串(燎原店),http://www.dianping.com/shop/73606298,三星商户,22,30,6.4,6.4,6.4,"黄喉,腐竹,毛肚"
老城区小郡肝串串香,http://www.dianping.com/shop/121932982,三星商户,1,,6.6,6.6,6.6,",,"
公安县刘一手火锅店,http://www.dianping.com/shop/90545667,三星商户,68,,6.3,6.3,6.3,"鲜虾包心鱼丸,豆芽,包心鱼丸"
PINK串,http://www.dianping.com/shop/97303214,三星商户,52,,6.2,6.2,6.2,"红糖糍粑,蜂窝煤酱油饭,招牌虾滑"
乐来乐好火锅城(北京中路店),http://www.dianping.com/shop/50309895,准四星商户,476,,7.5,7.5,7.5,",,"
喜农居山庄,http://www.dianping.com/shop/110330987,准四星商户,3,,7.2,7.2,7.2,",,"
森焱农家小厨,http://www.dianping.com/shop/32666113,准四星商户,12,,7.1,7.1,7.1,",,"
临江酒肆,http://www.dianping.com/shop/91882845,准四星商户,4,,7.0,7.0,7.0,"香煎蛋饼,农家小炒肉,口味鸭火锅"
三锅英雄,http://www.dianping.com/shop/44061354,准四星商户,2,,7.0,7.0,7.0,"火锅小炒,,"
劲锅串串,http://www.dianping.com/shop/74123817,准四星商户,3,,7.0,7.0,7.0,",,"
重庆客火锅(解放路店),http://www.dianping.com/shop/77217850,准四星商户,21,40,7.0,7.0,7.0,"招牌手撕驴头,香辣驴肉,香辣驴排"
渔福记,http://www.dianping.com/shop/40889959,准四星商户,2,30,6.9,6.9,6.9,"素菜拼盘,酸辣土豆丝,肉皮"
醉云轩,http://www.dianping.com/shop/58358100,三星商户,2,,6.9,6.9,6.9,",,"
重庆烤活鱼,http://www.dianping.com/shop/21235008,三星商户,1,,6.9,6.9,6.9,",,"
重庆串串香,http://www.dianping.com/shop/66818488,准四星商户,1,,6.9,6.9,6.9,",,"
嗨叼馋(人信汇店),http://www.dianping.com/shop/96497855,三星商户,161,,6.9,6.9,6.9,"精品油焖大虾,鱿鱼基围虾,招牌水煮鱼"
脆鱼庄,http://www.dianping.com/shop/6170117,三星商户,45,,6.8,6.8,6.8,"清炒时蔬,小炒黄牛肉,香煎米豆腐"
绣娘砂锅串串香,http://www.dianping.com/shop/67282648,准四星商户,1,,6.9,6.9,6.9,",,"
王老二才鱼火锅饺子店,http://www.dianping.com/shop/62650427,三星商户,1,,6.9,6.9,6.9,",,"
金福渔庄,http://www.dianping.com/shop/79209977,准四星商户,1,,6.9,6.9,6.9,",,"
长江活鱼馆,http://www.dianping.com/shop/80958788,三星商户,1,,6.9,6.9,6.9,"农家小炒肉,西红柿蛋汤,紫菜蛋汤"
每口香.手抓牛骨头,http://www.dianping.com/shop/97769289,三星商户,1,,6.9,6.9,6.9,"招牌手抓牛骨头,,"
新斌火锅店,http://www.dianping.com/shop/23956867,三星商户,1,,6.8,6.8,6.8,"红烧牛肉,老干妈炒饭,椒香鸡块"
瑞宏砂锅串串(新北门店),http://www.dianping.com/shop/68026683,三星商户,1,,6.8,6.8,6.8,",,"
沙道观鸡,http://www.dianping.com/shop/4666142,三星商户,1,,6.8,6.8,6.8,",,"
小陈火锅,http://www.dianping.com/shop/124355120,三星商户,,,,,,",,"
川江鱼府分店,http://www.dianping.com/shop/70266815,三星商户,,,,,,",,"
渝贝蜀味·川串阁,http://www.dianping.com/shop/91914923,三星商户,,,,,,",,"
一品鲜砂锅串串(荆北路店),http://www.dianping.com/shop/97340052,三星商户,,,,,,",,"
洈水农家饭,http://www.dianping.com/shop/82881480,三星商户,,,,,,",,"
小火锅夜市,http://www.dianping.com/shop/66722231,三星商户,,,,,,",,"
恭喜发财火锅,http://www.dianping.com/shop/123227855,该商户暂无星级,1,,,,,"鲜鱼,花胶鸡,调味"
牛签签,http://www.dianping.com/shop/122216074,准四星商户,2,,7.1,7.1,7.1,"芝士虾滑,小香肠,菠萝牛肉"
重庆秦妈火锅,http://www.dianping.com/shop/110570018,该商户暂无星级,,,,,,",,"
老城区小郡肝串串香,http://www.dianping.com/shop/122543066,该商户暂无星级,,,,,,",,"
燕大姐串串火锅,http://www.dianping.com/shop/124403386,该商户暂无星级,,,,,,"燕大姐串串,12月1日,盛大开业"
重庆夔劉火锅城,http://www.dianping.com/shop/125227809,该商户暂无星级,,,,,,",,"
骉骉老火锅(春秋食府店),http://www.dianping.com/shop/125062901,该商户暂无星级,,,,,,",,"
友来顺老北京涮羊肉,http://www.dianping.com/shop/97229411,该商户暂无星级,,,,,,"羊肉,,"
京味食堂老北京涮羊肉,http://www.dianping.com/shop/102174260,该商户暂无星级,,,,,,"蔬菜拼盘,羊肉卷,一旦粮"
小君肝火锅串串香(江汉北路店),http://www.dianping.com/shop/102567908,该商户暂无星级,,,,,,",,"
牛华八婆砂锅串串,http://www.dianping.com/shop/67593090,该商户暂无星级,,,,,,",,"
串天下,http://www.dianping.com/shop/123802285,该商户暂无星级,,,,,,"菠萝牛肉串串,秘制麻辣牛肉,精选澳洲牛肉"
大龙燚,http://www.dianping.com/shop/97136123,该商户暂无星级,,,,,,",,"
钢管厂五区后门小郡肝串串香,http://www.dianping.com/shop/124126819,该商户暂无星级,4,,,,,"豆芽,鸭血,鱼肉卷"
二当家砂锅串串(园林路店),http://www.dianping.com/shop/113109944,该商户暂无星级,,,,,,",,"
囍串串香,http://www.dianping.com/shop/122268691,该商户暂无星级,,,,,,",,"
海港印象-海鲜自助火锅,http://www.dianping.com/shop/27412117,该商户暂无星级,,,,,,",,"
三兄弟杜家鸡,http://www.dianping.com/shop/125227494,该商户暂无星级,,,,,,",,"
长湖野生鱼村,http://www.dianping.com/shop/59401665,该商户暂无星级,,,,,,",,"
德荘火锅,http://www.dianping.com/shop/69865307,该商户暂无星级,,,,,,",,"
天府源串串香,http://www.dianping.com/shop/112603201,该商户暂无星级,,,,,,",,"
味巢,http://www.dianping.com/shop/99071114,该商户暂无星级,,,,,,",,"
韩式旋转小火锅,http://www.dianping.com/shop/43876351,该商户暂无星级,,,,,,"鸡蛋面,鱼糕,金针菇"
爱星月古兰涮羊肉,http://www.dianping.com/shop/102296325,该商户暂无星级,,,,,,",,"
老城区小郡肝串串香,http://www.dianping.com/shop/121931645,该商户暂无星级,,,,,,",,"
口水金火锅(万达店),http://www.dianping.com/shop/123932453,该商户暂无星级,,,,,,",,"
二当家砂锅串串,http://www.dianping.com/shop/97469181,该商户暂无星级,,,,,,",,"
木桶鱼,http://www.dianping.com/shop/122368029,该商户暂无星级,,,,,,",,"
藤椒牛杂火锅,http://www.dianping.com/shop/111590648,该商户暂无星级,1,,,,,"白菜盘,红汤锅,鸳鸯锅"
大锅羊肉,http://www.dianping.com/shop/124958286,该商户暂无星级,,,,,,",,"
龍門魚府,http://www.dianping.com/shop/124302305,该商户暂无星级,,,,,,",,"
马哥牛杂馆,http://www.dianping.com/shop/98063632,该商户暂无星级,,,,,,",,"
卤林小吃胥楚老妈砂锅串串(长港路店),http://www.dianping.com/shop/95323839,该商户暂无星级,,,,,,"味碟,圆筒,"
袁妈砂锅串串,http://www.dianping.com/shop/80090642,该商户暂无星级,,,,,,",,"
重庆小火锅(梅台巷店),http://www.dianping.com/shop/122023567,该商户暂无星级,,,,,,",,"
金韩富苑韩式烤肉自助火锅(荆州店),http://www.dianping.com/shop/58191925,该商户暂无星级,,,,,,",,"
玖爹厨房自助火锅,http://www.dianping.com/shop/103620588,该商户暂无星级,,,,,,",,"
马路边边,http://www.dianping.com/shop/125225664,该商户暂无星级,,,,,,",,"
重庆美娃鱼头,http://www.dianping.com/shop/114765587,该商户暂无星级,,,,,,",,"
楚湘阁火锅店,http://www.dianping.com/shop/100072721,该商户暂无星级,,,,,,",,"
鸭子捞鱼,http://www.dianping.com/shop/108223786,该商户暂无星级,,,,,,",,"
仔儿火锅(大润发店),http://www.dianping.com/shop/97067245,该商户暂无星级,,,,,,",,"
洞庭湖畔土鸡馆,http://www.dianping.com/shop/65257371,该商户暂无星级,,,,,,"土鸡火锅,干锅扒鸭,干锅臭桂鱼"
友家火锅,http://www.dianping.com/shop/111948958,该商户暂无星级,,,,,,"麻辣牛肉,冻豆腐,凉拌黄瓜"
重庆秦妈火锅,http://www.dianping.com/shop/126240691,该商户暂无星级,,,,,,",,"
走街串巷,http://www.dianping.com/shop/123617205,该商户暂无星级,,,,,,",,"
青一色火锅,http://www.dianping.com/shop/63155163,该商户暂无星级,,,,,,",,"
冒里求师火锅冒菜,http://www.dianping.com/shop/120056591,该商户暂无星级,,,,,,",,"
资味正宗内蒙古肥羊馆,http://www.dianping.com/shop/107943867,该商户暂无星级,,,,,,",,"
孙家羊肉汤锅,http://www.dianping.com/shop/99670594,该商户暂无星级,,,,,,",,"
羊蝎子,http://www.dianping.com/shop/104551861,该商户暂无星级,,,,,,",,"
灌县老妈砂锅串串,http://www.dianping.com/shop/113897699,该商户暂无星级,,,,,,",,"
蔡林记·Yuan掌柜旋转小火锅麻辣烫,http://www.dianping.com/shop/123541717,该商户暂无星级,,,,,,",,"
巴山夜雨,http://www.dianping.com/shop/68256260,该商户暂无星级,,,,,,",,"
姜辣馆,http://www.dianping.com/shop/95327873,该商户暂无星级,,,,,,",,"
重庆涮鱼庄(章庄店),http://www.dianping.com/shop/65202923,该商户暂无星级,,,,,,",,"
三哥一品锅,http://www.dianping.com/shop/66818545,该商户暂无星级,,,,,,",,"
德福居,http://www.dianping.com/shop/62483934,该商户暂无星级,,,,,,",,"
丁家嘴水库鱼庄,http://www.dianping.com/shop/77095871,该商户暂无星级,,,,,,"水库鱼,,"
光头强,http://www.dianping.com/shop/66734678,该商户暂无星级,,,,,,",,"
红日牛肉火锅城,http://www.dianping.com/shop/100756097,该商户暂无星级,,,,,,",,"
公安牛肉馆,http://www.dianping.com/shop/68638552,该商户暂无星级,,,,,,",,"
好吃佬重庆火锅,http://www.dianping.com/shop/125239281,该商户暂无星级,,,,,,",,"
小杜江渔庄,http://www.dianping.com/shop/110857039,该商户暂无星级,,,,,,",,"
百味记小郡肝砂罐串串,http://www.dianping.com/shop/126153211,该商户暂无星级,,,,,,",,"
鱼头泡饭,http://www.dianping.com/shop/123873824,该商户暂无星级,,,,,,",,"
稻香园,http://www.dianping.com/shop/10461506,该商户暂无星级,,,,,,",,"
77回旋火锅(洪湖店),http://www.dianping.com/shop/102444231,该商户暂无星级,,,,,,",,"
罗氏活鱼馆,http://www.dianping.com/shop/63447129,该商户暂无星级,,,,,,",,"
火锅达人(六合路店),http://www.dianping.com/shop/123795990,该商户暂无星级,,,,,,",,"
朱老二驴肉老店,http://www.dianping.com/shop/22881740,该商户暂无星级,,,,,,"卤驴肉,卤驴头,驴杂火锅"
酸菜活鱼馆,http://www.dianping.com/shop/62509833,该商户暂无星级,,,,,,",,"
渝鼎香老火锅冒菜,http://www.dianping.com/shop/102033556,准四星商户,1,,7.1,7.1,7.1,",,"
李掌柜串串香,http://www.dianping.com/shop/110856939,该商户暂无星级,,,,,,",,"
烫锅鲜串串香,http://www.dianping.com/shop/114732000,该商户暂无星级,,,,,,",,"
本味柴火鱼,http://www.dianping.com/shop/67986576,该商户暂无星级,,,,,,",,"
德庄火锅(海洋世界店),http://www.dianping.com/shop/98813079,该商户暂无星级,,,,,,",,"
老妈炒锅串串,http://www.dianping.com/shop/105527785,该商户暂无星级,,,,,,",,"
畔畔火锅店,http://www.dianping.com/shop/107713933,该商户暂无星级,,,,,,"52度酒鬼原浆,剑南春52度500ml,江小白500ml"
黄蜀郎鸡公煲(后街店),http://www.dianping.com/shop/102342229,该商户暂无星级,,,,,,"豆油皮,可乐,片片鱼小煲"
火立方旋转小火锅,http://www.dianping.com/shop/125399633,该商户暂无星级,,,,,,",,"
三味真火,http://www.dianping.com/shop/122234248,该商户暂无星级,,,,,,",,"
土锅土灶,http://www.dianping.com/shop/95388386,该商户暂无星级,,,,,,",,"
徐妹串串香,http://www.dianping.com/shop/93779854,该商户暂无星级,,,,,,",,"
郭氏郭场鸡,http://www.dianping.com/shop/111576886,该商户暂无星级,,,,,,",,"
根据地川味火锅,http://www.dianping.com/shop/121834945,该商户暂无星级,,,,,,"龙须面,蛋炒饭,小料"
烧烤地带,http://www.dianping.com/shop/120132064,该商户暂无星级,,,,,,",,"
都江宴鱼庄,http://www.dianping.com/shop/77721889,该商户暂无星级,,,,,,"清汤面,麻辣牛肉,鸭拼"
重庆豆花鱼,http://www.dianping.com/shop/68111372,该商户暂无星级,,43,,,,"重庆豆鱼,密制西红柿,鸭脖"
久香串串,http://www.dianping.com/shop/103616389,该商户暂无星级,2,,,,,"味碟,麻辣锅,清汤锅"
熊记川味活鱼馆,http://www.dianping.com/shop/102073677,该商户暂无星级,,,,,,",,"
美蛙鱼头火锅餐厅,http://www.dianping.com/shop/125345401,该商户暂无星级,1,,,,,",,"
铜锅涮羊肉,http://www.dianping.com/shop/40202096,该商户暂无星级,,,,,,"涮羊肉,,"
川妹子串串香,http://www.dianping.com/shop/45421698,该商户暂无星级,,,,,,"清汤锅底,麻辣锅底,鸳鸯锅底"
有园野生鱼馆,http://www.dianping.com/shop/110670431,该商户暂无星级,,,,,,"时蔬,丝瓜蛋汤,溜藕片"
唐門潮汕養生牛肉,http://www.dianping.com/shop/110585029,该商户暂无星级,,,,,,",,"
跳水鱼,http://www.dianping.com/shop/69117146,该商户暂无星级,,,,,,"锡纸娃娃菜,鲜鱿鱼块,香辣蟹"
四季美食苑,http://www.dianping.com/shop/107263821,该商户暂无星级,,,,,,",,"
莫怕辣重庆火锅,http://www.dianping.com/shop/123388249,该商户暂无星级,,,,,,"鲜麻辣牛肉,,"
串美味成都串串香,http://www.dianping.com/shop/124877571,该商户暂无星级,,,,,,",,"
火立方旋转小火锅,http://www.dianping.com/shop/123387460,该商户暂无星级,,,,,,",,"
外婆婆砂锅串串香,http://www.dianping.com/shop/99757917,该商户暂无星级,,,,,,",,"
土家印象自助火锅,http://www.dianping.com/shop/122726979,该商户暂无星级,,,,,,",,"
十元自助小火锅,http://www.dianping.com/shop/99050586,该商户暂无星级,,,,,,",,"
东来顺牛肉馆,http://www.dianping.com/shop/63996989,该商户暂无星级,,,,,,",,"
邓记石锅鱼,http://www.dianping.com/shop/96249715,该商户暂无星级,,,,,,",,"
奔跑吧火锅,http://www.dianping.com/shop/38220861,该商户暂无星级,,,,,,",,"
九门寨石锅鱼,http://www.dianping.com/shop/40961696,该商户暂无星级,,,,,,",,"
大自然鱼庄,http://www.dianping.com/shop/126486394,该商户暂无星级,,,,,,",,"
蜀敖记砂锅串串香(峰口店),http://www.dianping.com/shop/79817195,该商户暂无星级,,,,,,",,"
老江河鱼馆,http://www.dianping.com/shop/111800242,该商户暂无星级,,,,,,",,"
江南天然鱼庄,http://www.dianping.com/shop/114363400,该商户暂无星级,,,,,,",,"
正品火锅卤菜馆,http://www.dianping.com/shop/126303057,该商户暂无星级,,,,,,",,"
龙啸百岁鱼庄,http://www.dianping.com/shop/62476535,该商户暂无星级,,,,,,",,"
三鲜牛肉馆,http://www.dianping.com/shop/120163045,该商户暂无星级,,,,,,",,"
有多餐馆,http://www.dianping.com/shop/65352199,该商户暂无星级,,,,,,"龙凤汤,香干肉丝,酸辣土豆丝"
裴师傅牛肉馆,http://www.dianping.com/shop/63559985,该商户暂无星级,,,,,,",,"
壹号厨房,http://www.dianping.com/shop/105265281,该商户暂无星级,,,,,,",,"
重庆老火锅,http://www.dianping.com/shop/126313660,该商户暂无星级,,,,,,",,"
景飒酒舍,http://www.dianping.com/shop/69169892,该商户暂无星级,,,,,,"虾仁炒饭,香肠炒面,香肠炒饭"
洞庭鲜鱼馆,http://www.dianping.com/shop/80426653,该商户暂无星级,,,,,,",,"
唐记煌砂锅串串,http://www.dianping.com/shop/77636037,该商户暂无星级,,,,,,",,"
冯氏石锅鱼府,http://www.dianping.com/shop/114765964,该商户暂无星级,,,,,,",,"
松滋市牛食坡渔庄,http://www.dianping.com/shop/69063621,该商户暂无星级,,,,,,",,"
望江楼活鱼馆,http://www.dianping.com/shop/62791551,该商户暂无星级,,,,,,",,"
开心1+1,http://www.dianping.com/shop/44032799,该商户暂无星级,,,,,,",,"
旋转小火锅(林园路店),http://www.dianping.com/shop/95326961,该商户暂无星级,,,,,,",,"
鑫新石锅鱼,http://www.dianping.com/shop/67812030,该商户暂无星级,,,,,,"清汤面,麻婆豆腐,鲜羊肉火锅"
松江鲜鱼馆,http://www.dianping.com/shop/43991445,该商户暂无星级,,,,,,",,"
义儿牛肉馆,http://www.dianping.com/shop/67077629,该商户暂无星级,,,,,,",,"
醉江渔舫,http://www.dianping.com/shop/9379217,该商户暂无星级,,,,,,",,"
韩氏火拼特色锅,http://www.dianping.com/shop/75145036,该商户暂无星级,,,,,,",,"
旺角串串,http://www.dianping.com/shop/59199795,该商户暂无星级,,,,,,",,"
牛肉第一家,http://www.dianping.com/shop/107389398,该商户暂无星级,,,,,,",,"
云南蒸汽野生菌石锅鱼,http://www.dianping.com/shop/65485662,该商户暂无星级,,85,,,,",,"
桃花盛开重庆火锅(旗舰连锁店),http://www.dianping.com/shop/112886723,该商户暂无星级,,,,,,",,"
辣麻婆时尚火锅(人民路店),http://www.dianping.com/shop/79590551,该商户暂无星级,,,,,,",,"
深港渔府,http://www.dianping.com/shop/125262131,该商户暂无星级,,,,,,",,"
三九鲜鱼馆,http://www.dianping.com/shop/69060102,该商户暂无星级,,,,,,",,"
松滋喜佳鱼庄,http://www.dianping.com/shop/102536968,该商户暂无星级,,,,,,",,"
重庆开心一加一火锅店,http://www.dianping.com/shop/79718792,该商户暂无星级,,,,,,",,"
醉香阁餐馆,http://www.dianping.com/shop/76721738,该商户暂无星级,,,,,,",,"
万家灯火,http://www.dianping.com/shop/106280565,该商户暂无星级,,,,,,",,"
重庆老火锅早餐,http://www.dianping.com/shop/100444686,该商户暂无星级,,,,,,",,"
小火锅店,http://www.dianping.com/shop/125156646,该商户暂无星级,,,,,,",,"
深港渔府,http://www.dianping.com/shop/114688358,该商户暂无星级,,,,,,",,"
斗原鲜鱼馆,http://www.dianping.com/shop/105236019,该商户暂无星级,,,,,,",,"
美蛙鱼头,http://www.dianping.com/shop/110567755,该商户暂无星级,,,,,,",,"
荆城老妈砂锅串串,http://www.dianping.com/shop/114740730,该商户暂无星级,,,,,,",,"
麻鸭火锅,http://www.dianping.com/shop/67128267,该商户暂无星级,,,,,,",,"
重庆经典牛肉,http://www.dianping.com/shop/122458114,该商户暂无星级,,,,,,",,"
幸福味道石锅鱼,http://www.dianping.com/shop/98725985,该商户暂无星级,,,,,,",,"
乡龟王烧烤火锅,http://www.dianping.com/shop/83618236,该商户暂无星级,,,,,,",,"
重庆鱼羊鲜火锅,http://www.dianping.com/shop/105027707,该商户暂无星级,,,,,,",,"
陶子石锅鱼,http://www.dianping.com/shop/114723000,该商户暂无星级,,,,,,",,"
川味活鱼庄,http://www.dianping.com/shop/68535906,该商户暂无星级,,,,,,",,"
楚湘园鱼庄,http://www.dianping.com/shop/100243859,该商户暂无星级,,,,,,",,"
卤菜小火锅,http://www.dianping.com/shop/101276763,该商户暂无星级,,,,,,",,"
小圆满厨房,http://www.dianping.com/shop/111792561,该商户暂无星级,,,,,,",,"
香哥牛肉馆,http://www.dianping.com/shop/112675604,该商户暂无星级,,,,,,",,"
九鼎养生火锅,http://www.dianping.com/shop/32564293,该商户暂无星级,,,,,,",,"
陈小姐的店,http://www.dianping.com/shop/124384409,该商户暂无星级,,,,,,",,"
渔味天下豆花鱼火锅,http://www.dianping.com/shop/110873697,该商户暂无星级,,,,,,",,"
九九艳阳天江鱼店,http://www.dianping.com/shop/65258833,该商户暂无星级,,,,,,",,"
雨田四季旺,http://www.dianping.com/shop/107442686,该商户暂无星级,,,,,,",,"
常德鸡馆,http://www.dianping.com/shop/114753352,该商户暂无星级,,,,,,",,"
随州羊庄,http://www.dianping.com/shop/121523256,该商户暂无星级,,,,,,",,"
一品锅火锅店,http://www.dianping.com/shop/99686351,该商户暂无星级,,,,,,",,"
小扁担串串香(--埠河店),http://www.dianping.com/shop/96683111,该商户暂无星级,,,,,,",,"
福褀道鱼火锅,http://www.dianping.com/shop/63643311,该商户暂无星级,,,,,,",,"
易食府郭场火锅鸡,http://www.dianping.com/shop/124490256,该商户暂无星级,,,,,,",,"
楚湘缘一品锅,http://www.dianping.com/shop/68890628,该商户暂无星级,,,,,,",,"
老湾勃勃牛肉吊锅,http://www.dianping.com/shop/79115944,该商户暂无星级,,,,,,",,"
火锅情报局,http://www.dianping.com/shop/96105349,该商户暂无星级,,,,,,",,"
回味串串香,http://www.dianping.com/shop/96057276,该商户暂无星级,,,,,,",,"
久窝奶茶串串香,http://www.dianping.com/shop/99073739,该商户暂无星级,,,,,,",,"
公安县渝y火锅店,http://www.dianping.com/shop/59170983,该商户暂无星级,,,,,,",,"
成都片片鱼,http://www.dianping.com/shop/111759329,该商户暂无星级,,,,,,",,"
志红庭院农庄,http://www.dianping.com/shop/121860521,该商户暂无星级,,,,,,",,"
香凤牛肉老店,http://www.dianping.com/shop/95062633,该商户暂无星级,,,,,,",,"
时尚涮吧,http://www.dianping.com/shop/92883983,该商户暂无星级,,,,,,",,"
一碗香砂锅麻辣烫,http://www.dianping.com/shop/125167926,该商户暂无星级,,,,,,",,"
美蛙鱼头(凤凰路店),http://www.dianping.com/shop/114753384,该商户暂无星级,,,,,,",,"
签王砂锅串串,http://www.dianping.com/shop/124510454,该商户暂无星级,,,,,,",,"
巴哥牛肉馆,http://www.dianping.com/shop/124530262,该商户暂无星级,,,,,,",,"
万达藕然间,http://www.dianping.com/shop/69410993,该商户暂无星级,,56,,,,",,"
王记再相聚串串,http://www.dianping.com/shop/121710939,该商户暂无星级,,,,,,",,"
麻辣外婆串串火锅(新沟店),http://www.dianping.com/shop/95984291,该商户暂无星级,,,,,,",,"
憨鱼头泡饭,http://www.dianping.com/shop/76942344,该商户暂无星级,,,,,,"麻辣牛肉,鸡蛋煎糍粑,鸡蛋炒豆皮"
重庆耙耳朵特色火锅,http://www.dianping.com/shop/100762671,该商户暂无星级,,,,,,",,"
和元牛肉酒馆,http://www.dianping.com/shop/123032869,该商户暂无星级,,,,,,",,"
沙道观柴火鸡,http://www.dianping.com/shop/126060798,该商户暂无星级,,,,,,",,"
牛尾早酒,http://www.dianping.com/shop/112744253,该商户暂无星级,,,,,,",,"
荆州牛香牛杂火锅,http://www.dianping.com/shop/114738560,该商户暂无星级,,,,,,",,"
石首牛骨头,http://www.dianping.com/shop/66734586,该商户暂无星级,,,,,,",,"
串根香麻辣涮,http://www.dianping.com/shop/67724050,该商户暂无星级,,,,,,"黄鮕鱼,麻花,鸳鸯锅底"
松滋鸡馆,http://www.dianping.com/shop/98084322,该商户暂无星级,,,,,,",,"
湘味鱼庄,http://www.dianping.com/shop/83207491,该商户暂无星级,,,,,,",,"
垄上渔庄,http://www.dianping.com/shop/66409351,该商户暂无星级,,,,,,",,"
活鱼庄,http://www.dianping.com/shop/68022722,该商户暂无星级,,,,,,"肉沫茄子盖浇饭,肉丝炒饭,火腿肠炒肉盖浇饭"
饿狼串说砂锅串串,http://www.dianping.com/shop/69829150,该商户暂无星级,,,,,,",,"
嘿巴适重庆特色小吃,http://www.dianping.com/shop/122413635,该商户暂无星级,,,,,,",,"
三胖大排档,http://www.dianping.com/shop/122187870,该商户暂无星级,,,,,,",,"
长江石锅鱼(石码头店),http://www.dianping.com/shop/121527152,该商户暂无星级,,,,,,",,"
自助麻辣涮涮锅,http://www.dianping.com/shop/75664624,该商户暂无星级,,,,,,",,"
燕子串串小火锅,http://www.dianping.com/shop/123909827,该商户暂无星级,,,,,,",,"
大熊小厨,http://www.dianping.com/shop/122268247,该商户暂无星级,,,,,,",,"
湘府石锅鱼(油江路),http://www.dianping.com/shop/90459108,该商户暂无星级,,,,,,"青椒肉丝,酸辣藕丁,麻辣牛肉"
旋转小火锅,http://www.dianping.com/shop/91075971,该商户暂无星级,,,,,,"牛肉卷,菌子,鲍鱼片"
大赛巷火锅店,http://www.dianping.com/shop/91964546,该商户暂无星级,,,,,,",,"
重庆砂锅串串,http://www.dianping.com/shop/123765487,该商户暂无星级,,,,,,",,"
猪肚鸡,http://www.dianping.com/shop/103011201,该商户暂无星级,,,,,,",,"
祥华鲜鱼庄,http://www.dianping.com/shop/102160870,该商户暂无星级,,,,,,",,"
沙道观老杜家鸡馆,http://www.dianping.com/shop/66703456,该商户暂无星级,,,,,,",,"
小二鱼庄,http://www.dianping.com/shop/76858046,该商户暂无星级,,,,,,"口味木耳,麻婆豆腐,鱼羊鲜"
萍记火锅店,http://www.dianping.com/shop/98215352,该商户暂无星级,,,,,,",,"
古堰老妈砂锅串串(峰口店),http://www.dianping.com/shop/91037536,该商户暂无星级,,,,,,",,"
楚馋君(北湖路店),http://www.dianping.com/shop/114905426,该商户暂无星级,,,,,,",,"
石首牛骨头,http://www.dianping.com/shop/67110380,该商户暂无星级,,,,,,",,"
灶门签串串香,http://www.dianping.com/shop/104095697,该商户暂无星级,,,,,,",,"
荆城袁妈砂锅串串,http://www.dianping.com/shop/79361365,该商户暂无星级,,,,,,",,"
南平老关鱼杂馆,http://www.dianping.com/shop/80057324,该商户暂无星级,,,,,,",,"
郑氏郭场鸡,http://www.dianping.com/shop/10460885,该商户暂无星级,,,,,,",,"
二当家砂锅串串(新南门店),http://www.dianping.com/shop/90580187,该商户暂无星级,,,,,,",,"
后尚蒸汽石锅鱼,http://www.dianping.com/shop/105985373,该商户暂无星级,,,,,,",,"
永和石锅鱼,http://www.dianping.com/shop/44016888,该商户暂无星级,,,,,,"石锅鱼,,"
好来顺铜锅涮羊肉(解放路店),http://www.dianping.com/shop/22287464,该商户暂无星级,,,,,,",,"
东郊牛肉馆,http://www.dianping.com/shop/67051111,该商户暂无星级,,,,,,",,"
涮涮小火锅,http://www.dianping.com/shop/123453768,该商户暂无星级,,,,,,",,"
曾记重庆老火锅(文化坊店),http://www.dianping.com/shop/90420481,该商户暂无星级,,,,,,"味碟,手工面,宽粉"
俊少脆皮黄瓜(新天地旗舰店),http://www.dianping.com/shop/102118503,该商户暂无星级,,,,,,",,"
7虾牛肉馆,http://www.dianping.com/shop/69768826,该商户暂无星级,,,,,,"青椒肉丝,粉蒸肉,干煸土豆丝"
享吃火锅,http://www.dianping.com/shop/74629356,该商户暂无星级,,,,,,",,"
我家吃鸡柠檬鱼,http://www.dianping.com/shop/127140432,该商户暂无星级,,,,,,",,"
屋头串串香,http://www.dianping.com/shop/114732026,该商户暂无星级,,,,,,",,"
小翠鱼坊,http://www.dianping.com/shop/67128280,该商户暂无星级,,,,,,",,"
重庆霸王府,http://www.dianping.com/shop/69872965,该商户暂无星级,,,,,,",,"
正宗宜宾燃面,http://www.dianping.com/shop/10461042,该商户暂无星级,,,,,,",,"
通会桥牛肉分店(桥牛肉分店),http://www.dianping.com/shop/106166390,该商户暂无星级,,,,,,",,"
春夏秋冬,http://www.dianping.com/shop/80238795,该商户暂无星级,,,,,,",,"
姥家大锅台,http://www.dianping.com/shop/100654297,该商户暂无星级,,,,,,",,"
撸串 老成都特色串串香,http://www.dianping.com/shop/74631267,该商户暂无星级,,,,,,",,"
老妈串串(曹市店),http://www.dianping.com/shop/77285722,该商户暂无星级,,,,,,",,"
鸳鸯火锅,http://www.dianping.com/shop/100670392,该商户暂无星级,,,,,,",,"
撸一把串串香,http://www.dianping.com/shop/77253721,该商户暂无星级,,,,,,",,"
湘村石锅鱼,http://www.dianping.com/shop/68709109,该商户暂无星级,,,,,,",,"
重庆开心1+1涮烤屋,http://www.dianping.com/shop/68728360,该商户暂无星级,,,,,,",,"
通会桥牛肉分店(桥牛肉分店),http://www.dianping.com/shop/106166390,该商户暂无星级,,,,,,",,"
春夏秋冬,http://www.dianping.com/shop/80238795,该商户暂无星级,,,,,,",,"
姥家大锅台,http://www.dianping.com/shop/100654297,该商户暂无星级,,,,,,",,"
撸串 老成都特色串串香,http://www.dianping.com/shop/74631267,该商户暂无星级,,,,,,",,"
老妈串串(曹市店),http://www.dianping.com/shop/77285722,该商户暂无星级,,,,,,",,"
鸳鸯火锅,http://www.dianping.com/shop/100670392,该商户暂无星级,,,,,,",,"
顺水渔庄,http://www.dianping.com/shop/100360222,该商户暂无星级,,,,,,",,"
追忆昔年串串火锅,http://www.dianping.com/shop/66617109,该商户暂无星级,,,,,,",,"
樊家台柴火鱼庄,http://www.dianping.com/shop/63069507,该商户暂无星级,,,,,,",,"
油炸湾鸭子火锅,http://www.dianping.com/shop/101893264,该商户暂无星级,,,,,,",,"
三太子外卖工坊,http://www.dianping.com/shop/96282629,该商户暂无星级,,,,,,",,"
麻辣无情,http://www.dianping.com/shop/102337466,该商户暂无星级,,,,,,",,"
蜀锦香厕所串串,http://www.dianping.com/shop/101569846,该商户暂无星级,,,,,,",,"
桃花山土鸡馆,http://www.dianping.com/shop/64836294,该商户暂无星级,,,,,,",,"
川香食府鲜鱼馆,http://www.dianping.com/shop/114175247,该商户暂无星级,,,,,,",,"
材火鱼庄,http://www.dianping.com/shop/79075345,该商户暂无星级,,,,,,",,"
绣娘砂锅串串,http://www.dianping.com/shop/67344763,该商户暂无星级,,,,,,",,"
熊河野生杂鱼火锅,http://www.dianping.com/shop/19620152,该商户暂无星级,,,,,,",,"
火一把特色小炒火锅,http://www.dianping.com/shop/101181325,该商户暂无星级,,,,,,",,"
伍婆鸡馆,http://www.dianping.com/shop/126082218,该商户暂无星级,,,,,,",,"
殷记兄弟砂锅串串,http://www.dianping.com/shop/100109173,该商户暂无星级,,,,,,",,"
牛肉馆,http://www.dianping.com/shop/48253356,该商户暂无星级,,,,,,",,"
寻味砂锅鱼,http://www.dianping.com/shop/91079929,该商户暂无星级,,,,,,",,"
田记猪肚鸡,http://www.dianping.com/shop/101070115,该商户暂无星级,,,,,,",,"
懂味时尚餐厅,http://www.dianping.com/shop/97696805,该商户暂无星级,,,,,,",,"
牛肉餐馆,http://www.dianping.com/shop/105244622,该商户暂无星级,,,,,,",,"
西北黄牛肉,http://www.dianping.com/shop/123445203,该商户暂无星级,,,,,,",,"
郭场火锅,http://www.dianping.com/shop/48262785,该商户暂无星级,,,,,,",,"
金江鱼庄,http://www.dianping.com/shop/105913199,该商户暂无星级,,,,,,",,"
